"rows.list[[i]]","PHYLLO11","PHYLLO13","PHYLLO21","PHYLLO12","PHYLLO14","PHYLLO22"
"Abiotrophia",0,0,0,0,0,0
"Acanthamoeba",0,0,0,0,0,0
"Acaryochloris",0,0,0,0,0,0
"Acetobacter",0,0.909528493541496,1.59067105446229,1.55843281920875,0,0
"X.Acetobacteraceae.",0,31.8334972739524,23.8600658169343,0,0,1.08096900525331
"Acetohalobium",0,0,0,0,0,0
"Acetonema",0,0,0,0,0,0
"X.Acetothermia.",0,0,0,0,0,0
"Acholeplasma",0,0,0,0,0,0
"Achromobacter",0,0,0,0,0,0
"X.Acidaminococcaceae.",0,0.454764246770748,0,0,0,0
"Acidaminococcus",0,0,0,0,0,0
"Acidianus",0,0,0,0,0,0
"Acidilobus",0,0,0,0,0,0
"X.Acidimicrobiaceae.",0,0,0,0,0,0
"Acidimicrobium",0,0,0,0,0,0
"Acidiphilium",0,0.909528493541496,0,0,0,0
"Acidithiobacillus",0,0,0,0,1.30452551516877,0
"X.Acidobacteria.",0,0,0,0,0,0
"X.Acidobacteriaceae.",0,0,0,0,0,0
"X.Acidobacteriales.",0,0,0,0,0,0
"Acidobacterium",0,0,0,0,0,3.24290701575993
"Acidocella",0,0.454764246770748,3.18134210892457,0,0,0
"Acidomonas",0,0.454764246770748,0,0,0,0
"Acidothermus",0,0,0,0,0,0
"Acidovorax",0,0,0,0,0,0
"Acinetobacter",0,4883.25848182429,4205.73426799828,1368.30401526528,2963.88197046345,6772.27081791198
"Acremonium",0,0.454764246770748,0,1.55843281920875,0,0
"Acromyrmex",0,0,0.795335527231143,0,0,0
"Acropora",0,0,0,0,0,0
"Actibacterium",0,0,0,0,0,0
"Actinobacillus",0,0,0,0,1.30452551516877,0
"X.Actinobacteria.",0,18.6453341176007,0,0,0,0
"Actinobaculum",0,0,0,0,0,0
"Actinokineospora",0,0,0,0,0,0
"Actinomyces",0,2.27382123385374,0,0,0,0
"X.Actinomycetaceae.",0,0.454764246770748,0,0,0,0
"X.Actinomycetales.",0,597.560220256763,0,0,0,0
"Actinoplanes",0,6.36669945479047,0,0,0,0
"Actinosynnema",0,0.454764246770748,0,0,0,0
"Actinotalea",0,0.909528493541496,1.59067105446229,0,2.60905103033754,0
"Acyrthosiphon",0,10.4595776757272,5.567348690618,4.67529845762625,36.5267144247256,167.550195814263
"X.Adenoviridae.",0,0,0,0,0,0
"Adineta",0,0,0,0,0,0
"Adlercreutzia",0,0,0,0,0,0
"Advenella",0,3.63811397416598,2.38600658169343,0,0,0
"Aedes",4.75287309744825,0.454764246770748,0,0,0,1.08096900525331
"Aequorivita",0,0.454764246770748,11.134697381236,0,1.30452551516877,0
"X.Aerococcaceae.",0,0,0,0,0,0
"Aerococcus",0,15.9167486369762,25.4507368713966,0,14.3497806668565,2.16193801050662
"Aeromicrobium",0,1.36429274031224,0,0,0,0
"X.Aeromonadales.",0,0,0,0,0,0
"Aeromonas",0,1.36429274031224,2.38600658169343,0,2.60905103033754,0
"Afipia",0,2.27382123385374,0,0,0,0
"X.Agaricales.",0,1.81905698708299,0.795335527231143,1.55843281920875,0,0
"X.Agaricomycetes.",0,10.0048134289565,19.0880526535474,4.67529845762625,7.82715309101263,4.32387602101324
"Agaricus",0,0,0,0,0,0
"Agarivorans",0,0,0,0,1.30452551516877,0
"Aggregatibacter",0,0,0,0,0,0
"Agrius",0,0,0,0,0,1.08096900525331
"Agrobacterium",0,2.27382123385374,2.38600658169343,0,0,0
"Agrococcus",0,1.81905698708299,3.97667763615571,0,1.30452551516877,0
"Agrotis",0,0,0,0,0,0
"Ahjdlikevirus",0,0,0,0,0,0
"Ahrensia",0,0,0,0,0,0
"Ajellomyces",0,4.09287822093673,0.795335527231143,0,5.21810206067509,2.16193801050662
"Akkermansia",0,0,0,0,1.30452551516877,0
"Albugo",0,0,3.18134210892457,0,0,1.08096900525331
"X.Alcaligenaceae.",0,0,1.59067105446229,0,0,0
"Alcaligenes",0,0,0,0,0,1.08096900525331
"Alcanivorax",0,0,0,0,1.30452551516877,0
"Algoriphagus",0,1.81905698708299,3.18134210892457,0,0,4.32387602101324
"Alicycliphilus",0,0.454764246770748,0,0,0,0
"X.Alicyclobacillaceae.",0,0,0,1.55843281920875,0,0
"Alicyclobacillus",0,0,0,0,0,0
"Aliivibrio",0,0,0,0,0,1.08096900525331
"Alishewanella",9.50574619489651,0.454764246770748,1.59067105446229,0,0,1.08096900525331
"Alistipes",0,0.454764246770748,0,0,0,0
"Alkalibacterium",0,0,0,0,0,0
"Alkalilimnicola",0,0,0,0,0,0
"Alkalimonas",0,0,0,0,0,0
"Alkaliphilus",0,0,0,0,0,0
"Allochromatium",0,0.454764246770748,0.795335527231143,0,0,0
"Alloiococcus",0,0,0,0,0,0
"Alloprevotella",0,0,0,0,0,0
"Alloscardovia",0,0,0.795335527231143,0,0,2.16193801050662
"X.Alphaproteobacteria.",0,189.636690903402,427.890513650355,0,0,82.1536443992515
"Alternaria",0,1.81905698708299,2.38600658169343,0,1.30452551516877,3.24290701575993
"X.Alteromonadaceae.",0,0,0,0,0,0
"X.Alteromonadales.",0,1.36429274031224,2.38600658169343,3.1168656384175,1.30452551516877,3.24290701575993
"Alteromonas",0,0.454764246770748,0,0,2.60905103033754,0
"Amblyomma",0,0.909528493541496,0,1.55843281920875,0,0
"Aminobacterium",0,0,0,0,0,0
"Aminomonas",0,0,0,0,0,0
"Ammonifex",0,0,0,0,0,0
"X.Amoebophilaceae.",0,0.454764246770748,0,0,0,0
"Amphibacillus",0,0,0,0,0,0
"Amphimedon",0,0,0,1.55843281920875,0,1.08096900525331
"Amycolatopsis",0,0,0,0,0,0
"Amycolicicoccus",0,0.909528493541496,0.795335527231143,0,0,1.08096900525331
"Anabaena",0,5.00240671447823,3.18134210892457,0,3.91357654550631,1.08096900525331
"Anaerobaculum",0,0,0,0,0,0
"Anaerococcus",0,0,0,0,0,0
"Anaerofustis",0,0,0,0,0,0
"Anaeroglobus",0,0,0,0,1.30452551516877,0
"Anaerolinea",0,1.36429274031224,0,0,0,0
"Anaeromyxobacter",0,2.27382123385374,0.795335527231143,0,0,0
"Anaerostipes",0,0,0,0,0,0
"Anaerotruncus",0,0,0,0,0,0
"Anaplasma",0,0,0,0,0,1.08096900525331
"X.Anaplasmataceae.",0,0,0.795335527231143,0,0,0
"Aneurinibacillus",0,0,0,0,0,0
"Angomonas",0,0,0.795335527231143,0,0,0
"Annulohypoxylon",0,0.454764246770748,0.795335527231143,0,2.60905103033754,0
"Anopheles",0,0,0,0,0,2.16193801050662
"Anoplophora",0,0,0,1.55843281920875,0,77.8297683782383
"Anoxybacillus",0,0,0,0,2.60905103033754,0
"Aphanomyces",0,0,0,0,0,0
"X.Aphididae.",0,0,0,0,0,0
"Aphrocallistes",0,0,0,0,0,0
"X.Apicomplexa.",0,0,0.795335527231143,0,0,0
"Apis",0,0,6.36268421784914,7.79216409604375,1.30452551516877,4.32387602101324
"Aquabacterium",0,0.454764246770748,0,0,0,0
"Aquamicrobium",0,0,0,0,0,0
"Aquifex",0,0,0,0,0,0
"X.Aquificaceae.",0,0,0,0,0,0
"X.Aquificae.",0,0,0,0,0,0
"X.Aquificales.",0,0,0,0,0,0
"Aquimarina",0,0.454764246770748,0,0,0,0
"X.Arachnida.",0,0,0.795335527231143,0,0,0
"X.Araneae.",0,0,0,0,0,0
"Arcanobacterium",0,0,0,0,0,0
"X.Archaea.",0,2.72858548062449,0,0,0,0
"Archaeoglobus",0,0,0,0,0,0
"Archiearis",0,0,0,0,0,1.08096900525331
"Arcobacter",0,0.909528493541496,0,0,1.30452551516877,0
"Arcticibacter",0,2.27382123385374,2.38600658169343,0,2.60905103033754,0
"X.Armatimonadetes.",0,0,0,0,1.30452551516877,0
"Aromatoleum",0,0.454764246770748,0,0,0,0
"Arsenophonus",0,8.64052068864421,0,0,0,1.08096900525331
"Arthrobacter",0,315.606387258899,146.34173701053,567.269546191985,219.160286548354,94.0443034570379
"Arthroderma",0,1.36429274031224,0,0,0,1.08096900525331
"X.Arthrodermataceae.",0,0.909528493541496,0,0,0,0
"X.Arthropoda.",61.7873502668273,1.36429274031224,2.38600658169343,18.701193830505,2.60905103033754,87.5584894255181
"Arthrospira",0,0,0.795335527231143,0,1.30452551516877,0
"Asaia",0,0.454764246770748,0,0,0,0
"X.Ascomycota.",0,1527.09834065617,1320.2569752037,296.102235649663,1206.68610153111,1031.24443101166
"X.Aspergillaceae.",0,5.91193520801972,1.59067105446229,0,2.60905103033754,7.56678303677316
"Aspergillus",0,2.72858548062449,0.795335527231143,0,0,0
"Asticcacaulis",0,0.454764246770748,3.18134210892457,0,0,0
"Atopobium",0,0.909528493541496,0,0,0,0
"Atta",0,0,0,0,1.30452551516877,3.24290701575993
"X.Aurantimonadaceae.",0,0,0,0,0,0
"Aurantimonas",0,0,0,0,0,0
"Aureobasidium",0,0,0,0,0,3.24290701575993
"Aureococcus",0,0,0,0,0,0
"Austwickia",0,1.81905698708299,0.795335527231143,0,1.30452551516877,0
"Avibacterium",0,0,0,0,0,2.16193801050662
"Azoarcus",0,0,0,0,0,0
"Azohydromonas",0,0.454764246770748,0,0,0,0
"Azorhizobium",0,0,0.795335527231143,0,0,1.08096900525331
"Azospira",0,0,0,0,0,0
"Azospirillum",0,2.72858548062449,0.795335527231143,0,0,1.08096900525331
"Azotobacter",0,0,0.795335527231143,0,0,0
"X.Bacillaceae.",0,13.6429274031224,0,0,0,0
"X.Bacillales.",0,17.7358056240592,0,0,0,0
"X.Bacillariophyceae.",0,0.454764246770748,0,0,0,0
"X.Bacillariophyta.",0,1.81905698708299,0,0,1.30452551516877,0
"X.Bacilli.",0,16.3715128837469,6.36268421784914,0,0,19.4574420945596
"Bacillus",0,59.1193520801973,0,0,0,50.8055432469055
"X.Bacteria.",0,924.08094943816,551.962855898413,0,0,518.865122521588
"Bacteriovorax",0,0.454764246770748,8.74869079954257,0,0,1.08096900525331
"X.Bacteroidales.",0,10.914341922498,1.59067105446229,0,1.30452551516877,0
"Bacteroides",0,5.91193520801972,3.18134210892457,0,0,4.32387602101324
"X.Bacteroidetes.",0,254.667978191619,206.787237080097,0,0,0
"Bactrocera",4.75287309744825,0,0,0,1.30452551516877,12.9716280630397
"Badnavirus",0,0.454764246770748,0,0,0,0
"Barnesiella",0,0.454764246770748,0,0,0,0
"Bartonella",4.75287309744825,5.45717096124898,29.4274145075523,104.414998886986,20.8724082427003,7.56678303677316
"Basfia",0,0,0,0,0,1.08096900525331
"X.Basidiomycota.",47.5287309744826,35.0168470013476,194.85720417163,14.0258953728788,30.0040868488817,32.4290701575993
"Batrachochytrium",0,0.454764246770748,0,0,0,0
"Baudoinia",0,30.4692045336401,32.6087566164769,3.1168656384175,20.8724082427003,6.48581403151986
"Bdellovibrio",0,1.36429274031224,0.795335527231143,0,0,0
"X.Bdellovibrionales.",9.50574619489651,0,0,0,0,0
"Beauveria",0,0.454764246770748,0.795335527231143,0,0,1.08096900525331
"Beenakia",0,0,0.795335527231143,0,0,0
"Beggiatoa",0,0.909528493541496,0,0,0,1.08096900525331
"Beijerinckia",0,0,0,0,0,0
"X.Beijerinckiaceae.",0,0.454764246770748,0,0,0,0
"Belliella",0,1.36429274031224,1.59067105446229,0,1.30452551516877,0
"Bergeyella",0,0.454764246770748,0,0,0,0
"Bermanella",0,0.454764246770748,0,0,0,0
"X.Betaproteobacteria.",0,0,0,0,0,0
"Beutenbergia",0,0,0,0,0,0
"Bhargavaea",0,0,0,0,1.30452551516877,0
"Bibersteinia",0,0,0,0,0,0
"X.Bifidobacteriaceae.",0,0.454764246770748,41.3574474160194,38.9608204802188,1.30452551516877,65.9391093204519
"Bifidobacterium",0,2.72858548062449,129.639690938676,110.648730163821,26.0905103033754,167.550195814263
"Bilophila",0,0,0,0,0,0
"Bipolaris",0,21.8286838449959,27.0414079258589,0,11.7407296365189,16.2145350787996
"Bizionia",0,0,0,0,0,0
"Blastococcus",0,4.54764246770748,2.38600658169343,0,0,1.08096900525331
"Blastomonas",0,1.81905698708299,0,0,0,1.08096900525331
"Blastopirellula",0,0,0,0,0,0
"Blattabacterium",0,0.454764246770748,0,0,0,0
"Blautia",0,0.454764246770748,0,0,2.60905103033754,0
"Blumeria",0,3.18334972739524,3.97667763615571,3.1168656384175,2.60905103033754,3.24290701575993
"Bombyx",0,0,0,1.55843281920875,0,24.8622871208261
"Bordetella",0,0,0,0,0,0
"Borrelia",0,0,0,0,1.30452551516877,0
"X.Botryosphaeriaceae.",0,1.81905698708299,3.18134210892457,0,1.30452551516877,3.24290701575993
"Botrytis",0,50.0240671447823,38.971440834326,14.0258953728788,40.4402909702319,24.8622871208261
"Brachybacterium",0,7.27622794833197,3.97667763615571,0,1.30452551516877,6.48581403151986
"Brachyspira",0,0,0,0,0,0
"X.Bradyrhizobiaceae.",0,28.6501475465571,0,0,0,18.3764730893063
"Bradyrhizobium",0,0,0,0,0,0
"Brahmaea",0,0,0,0,0,1.08096900525331
"Brenneria",0,0,0,0,2.60905103033754,0
"Brevibacillus",0,0.454764246770748,2.38600658169343,0,0,0
"Brevibacterium",0,4.09287822093673,4.77201316338686,0,0,0
"Brevundimonas",0,5.91193520801972,7.15801974508029,0,0,1.08096900525331
"Brochothrix",0,0,0,0,0,0
"Brucella",0,0,0,0,0,0
"X.Brucellaceae.",0,0,0,0,0,0
"Buchnera",0,0,0,0,7.82715309101263,646.419465141479
"Burkholderia",0,0,0,0,0,0
"X.Burkholderiaceae.",0,0,0,0,0,0
"X.Burkholderiales.",0,0,0,0,0,0
"Butyricicoccus",0,0,0,0,0,0
"Butyrivibrio",0,0,0,0,0,0
"Byssochlamys",0,2.27382123385374,0.795335527231143,0,0,1.08096900525331
"Caenispirillum",0,0,0,0,0,0
"Caenorhabditis",4.75287309744825,3.63811397416598,1.59067105446229,4.67529845762625,2.60905103033754,5.40484502626655
"Caldalkalibacillus",0,0,0.795335527231143,0,0,0
"Caldanaerobacter",0,0,0,0,0,0
"Caldicellulosiruptor",0,0,0,0,0,0
"Caldilinea",0,0.454764246770748,0,0,0,0
"Calditerrivibrio",0,0,0,0,0,0
"Caldithrix",0,0,0,0,0,0
"Caligus",0,0,0,0,0,0
"Caloramator",0,0,0,0,0,0
"Calothrix",0,7.27622794833197,3.18134210892457,3.1168656384175,9.1316786061814,3.24290701575993
"Camponotus",4.75287309744825,0.454764246770748,0,0,0,12.9716280630397
"Campylobacter",0,0,0,0,0,0
"X.Campylobacteraceae.",0,0,0,0,0,0
"X.Campylobacterales.",0,0,0,0,0,0
"Candida",0,0,0,0,0,0
"Candidatus_Accumulibacter",0,0,0,0,0,0
"Candidatus_Acetothermum",0,0,0,0,0,1.08096900525331
"Candidatus_Actinomarina",0,0,0.795335527231143,0,0,0
"Candidatus_Amoebophilus",0,0,0,0,1.30452551516877,0
"Candidatus_Aquiluna",0,0,0,0,0,0
"Candidatus_Arthromitus",0,0,0,0,0,0
"Candidatus_Atelocyanobacterium",0,0,0,0,0,1.08096900525331
"Candidatus_Azobacteroides",0,0,0,0,0,0
"Candidatus_Caldiarchaeum",0,0,0,0,0,0
"Candidatus_Cardinium",4.75287309744825,0,0,0,1.30452551516877,1.08096900525331
"Candidatus_Chloracidobacterium",0,0.909528493541496,0,0,0,0
"Candidatus_Cloacimonas",0,0,0,0,0,0
"Candidatus_Competibacter",0,0.454764246770748,0,0,1.30452551516877,0
"Candidatus_Contendobacter",0,0,0,0,0,0
"Candidatus_Desulforudis",0,0,0,0,0,0
"Candidatus_Endolissoclinum",0,0.454764246770748,0,0,0,0
"Candidatus_Entotheonella",0,0,0,0,0,0
"Candidatus_Glomeribacter",0,0,0,0,0,0
"Candidatus_Hamiltonella",0,119.602996900707,0.795335527231143,0,0,68.1010473309585
"Candidatus_Ishikawaella",0,0.454764246770748,0,0,0,3.24290701575993
"Candidatus_Koribacter",0,0,0,0,0,0
"Candidatus_Kuenenia",0,0,0,0,0,0
"Candidatus_Methylomirabilis",0,0,0,0,0,0
"Candidatus_Micrarchaeum",0,0,0,0,0,0
"Candidatus_Microthrix",0,0,0,0,0,0
"Candidatus_Midichloria",0,0,0,0,0,0
"Candidatus_Moranella",0,0,0,0,0,0
"Candidatus_Nicolleia",0,0,0,0,0,0
"Candidatus_Nitrosoarchaeum",0,0,0,0,0,0
"Candidatus_Pelagibacter",0,0,0.795335527231143,0,0,0
"Candidatus_Phytoplasma",0,0,0,0,0,0
"Candidatus_Profftella",0,0,0,1.55843281920875,0,0
"Candidatus_Protochlamydia",0,0,0,0,0,0
"Candidatus_Puniceispirillum",0,0.454764246770748,0,0,0,0
"Candidatus_Regiella",0,0,0,0,2.60905103033754,3.24290701575993
"X.Candidatus_Saccharibacteria.",0,1.36429274031224,5.567348690618,0,5.21810206067509,0
"Candidatus_Saccharimonas",0,0,1.59067105446229,0,0,0
"Candidatus_Solibacter",0,0,0,0,0,0
"Candidatus_Sulcia",0,0,0,0,0,0
"Candidatus_Symbiobacter",0,0,0,0,0,0
"Cantharellus",0,0.454764246770748,0,0,0,0
"Capitella",9.50574619489651,3.18334972739524,0.795335527231143,0,2.60905103033754,1.08096900525331
"Capnocytophaga",0,0,0,0,0,0
"X.Capnodiales.",9.50574619489651,91.8623778476911,89.8729145771191,12.46746255367,67.8353267887761,76.748799372985
"Capronia",0,8.18575644187347,2.38600658169343,3.1168656384175,3.91357654550631,1.08096900525331
"Carboxydothermus",0,0,0,0,0,0
"Cardiobacterium",0,0,0.795335527231143,0,0,0
"X.Carnobacteriaceae.",0,0,0,0,0,0
"Carnobacterium",0,0,0,0,0,0
"Castellaniella",0,0,0,0,0,0
"Catellicoccus",4.75287309744825,0,0,0,0,0
"Catenovulum",0,0,0,0,0,0
"Catenulispora",0,0,0,0,0,0
"Catonella",0,0,0,0,0,0
"X.Caudovirales.",0,0,0,0,0,0
"Caulobacter",0,1.36429274031224,0,0,0,0
"X.Caulobacteraceae.",0,0,0,0,0,0
"Cecembia",0,0.454764246770748,0,0,1.30452551516877,1.08096900525331
"Cedecea",0,0,0,0,1.30452551516877,8.64775204202647
"Celeribacter",0,0,0.795335527231143,0,0,0
"X.Cellulomonadaceae.",0,1.81905698708299,0,0,1.30452551516877,0
"Cellulomonas",0,2.72858548062449,0,0,0,0
"Cellulophaga",0,0,0.795335527231143,0,2.60905103033754,0
"Cellulosilyticum",0,0,0,0,0,0
"Cellulosimicrobium",0,0,0,0,0,0
"Cellvibrio",0,1.36429274031224,0,0,0,1.08096900525331
"Centipeda",0,0,0,0,0,0
"Cerapachys",0,0.454764246770748,0,0,0,2.16193801050662
"Ceratitis",23.7643654872413,0,0,1.55843281920875,0,20.5384110998129
"Ceratocystis",0,0.454764246770748,0,1.55843281920875,2.60905103033754,0
"Cerebratulus",0,0.454764246770748,0,0,0,0
"Ceriporiopsis",0,0.909528493541496,2.38600658169343,0,0,2.16193801050662
"Cesiribacter",0,1.36429274031224,0,0,0,1.08096900525331
"Cetobacterium",0,0,0,0,0,0
"X.Chaetomiaceae.",0,2.27382123385374,0,0,1.30452551516877,15.1335660735463
"Chaetomium",0,5.00240671447823,1.59067105446229,0,0,7.56678303677316
"X.Chaetothyriales.",0,36.8359039884306,10.3393618540049,4.67529845762625,14.3497806668565,10.8096900525331
"Chamaesiphon",0,2.72858548062449,0,0,2.60905103033754,0
"Chelativorans",0,0,1.59067105446229,0,0,0
"Chitinophaga",0,10.0048134289565,0,0,0,3.24290701575993
"Chlamydia",0,0.454764246770748,0,0,0,0
"X.Chlamydiaceae.",0,0.454764246770748,0,0,0,0
"X.Chlamydiales.",0,0.454764246770748,0,0,0,0
"Chlorobaculum",0,0,0,0,0,0
"X.Chlorobiaceae.",0,0,0,0,0,0
"Chlorobium",0,0,0,0,1.30452551516877,0
"X.Chloroflexales.",0,0,0,0,0,0
"X.Chloroflexi.",0,0.909528493541496,0,0,0,0
"X.Chloroflexia.",0,0,0,0,0,0
"Chloroflexus",4.75287309744825,0.454764246770748,0.795335527231143,1.55843281920875,0,0
"Chloroherpeton",0,0,0,0,1.30452551516877,0
"Chlorovirus",0,0.454764246770748,0,0,0,0
"Chondromyces",0,1.36429274031224,0,0,0,0
"Chondrus",0,0,0,0,0,0
"X.Chromadorea.",0,0,0,0,0,0
"X.Chromatiaceae.",0,0,0,0,2.60905103033754,3.24290701575993
"X.Chromatiales.",0,0.454764246770748,0,0,0,1.08096900525331
"Chromobacterium",0,0,0,0,0,1.08096900525331
"Chromohalobacter",0,0.454764246770748,0,0,0,0
"X.Chroococcales.",0,4.09287822093673,2.38600658169343,0,2.60905103033754,3.24290701575993
"Chroococcidiopsis",0,22.7382123385374,7.15801974508029,0,16.958831697194,1.08096900525331
"Chryseobacterium",0,10.4595776757272,93.8495922132749,0,14.3497806668565,0
"Chthoniobacter",0,0,0,0,0,0
"Chthonomonas",0,0,0,0,0,0
"Citreicella",0,1.36429274031224,0,0,0,0
"Citrobacter",0,0.909528493541496,2.38600658169343,6.233731276835,9.1316786061814,20.5384110998129
"Cladonia",0,0,0.795335527231143,0,0,0
"Cladophialophora",0,11.8238704160394,9.54402632677372,0,7.82715309101263,2.16193801050662
"Cladosporium",0,0.454764246770748,0.795335527231143,0,0,0
"Clavibacter",0,0,0,0,0,0
"Claviceps",0,3.63811397416598,63.6268421784914,1.55843281920875,0,3.24290701575993
"X.Clavicipitaceae.",0,0,3.18134210892457,0,1.30452551516877,0
"Clavispora",0,0,0,0,0,0
"Clonorchis",0,0,0,0,0,0
"X.Clostridia.",0,0,0,0,0,0
"X.Clostridiaceae.",0,0,0,0,0,1.08096900525331
"X.Clostridiales.",0,8.64052068864421,0,0,0,0
"X.Clostridiales_Family_XIII._Incertae_Sedis.",0,0,0.795335527231143,0,0,0
"X.Clostridiales_Family_XI._Incertae_Sedis.",0,0,0,0,0,0
"Clostridium",0,6.36669945479047,0,0,0,0
"Coccidioides",0,0,0.795335527231143,0,0,0
"Coccinella",0,0,0,0,0,2.16193801050662
"X.Coccinellidae.",0,0,0,0,0,6.48581403151986
"Coleofasciculus",0,1.36429274031224,0,0,0,1.08096900525331
"X.Coleoptera.",0,0,0,0,0,145.930815709197
"Colletotrichum",0,7.27622794833197,4.77201316338686,0,0,4.32387602101324
"Collimonas",0,0.454764246770748,0,0,0,0
"Collinsella",0,0,0,0,0,0
"Colwellia",0,0.909528493541496,0,0,0,0
"X.Comamonadaceae.",0,0,0,0,0,0
"Comamonas",0,0,0,0,0,0
"Commensalibacter",4.75287309744825,0.454764246770748,6.36268421784914,20.2596266497138,1.30452551516877,1.08096900525331
"Conexibacter",0,0,0,0,0,0
"Congregibacter",0,0,0,0,0,0
"Coniosporium",4.75287309744825,41.8383107029088,22.269394762472,14.0258953728788,18.2633572123628,7.56678303677316
"Coprinopsis",0,1.36429274031224,0.795335527231143,0,0,0
"Coprobacillus",0,0,0,0,0,0
"Coprococcus",0,0.454764246770748,0,0,0,1.08096900525331
"Coprothermobacter",0,0.454764246770748,0,0,0,0
"Coptotermes",0,0,0,1.55843281920875,0,0
"Coraliomargarita",0,0,0,0,0,0
"Corallococcus",0,0,0,0,0,0
"Cordyceps",0,0,0,0,0,0
"X.Cordycipitaceae.",0,0,0,0,0,1.08096900525331
"Corethrella",0,0,0,0,0,0
"X.Coriobacteriaceae.",0,0,0.795335527231143,0,0,0
"X.Corynebacteriaceae.",0,0,0,0,0,0
"Corynebacterium",0,0,0,0,0,0
"Coxiella",0,0,0.795335527231143,0,0,0
"X.Coxiellaceae.",0,0.454764246770748,0,0,0,1.08096900525331
"Crassostrea",4.75287309744825,0.454764246770748,0,0,0,0
"X.Crenarchaeota.",0,0,0,0,0,0
"Crinalium",0,4.09287822093673,0,0,0,0
"Crithidia",0,0,0,0,2.60905103033754,0
"Croceibacter",0,0.454764246770748,0,0,0,0
"Crocosphaera",0,0,0.795335527231143,0,0,0
"Cronobacter",0,0,3.97667763615571,0,11.7407296365189,0
"Cryphonectria",0,0.909528493541496,0,0,0,0
"Cryptobacterium",0,0,0,0,0,0
"Cryptococcus",0,0,0,1.55843281920875,0,0
"Cryptosporangium",0,0.454764246770748,0,0,0,0
"Culex",0,0,0,1.55843281920875,0,0
"X.Culicidae.",4.75287309744825,0,0,0,0,2.16193801050662
"Cupriavidus",0,0,0,0,0,0
"Curtobacterium",0,5.91193520801972,0,0,0,0
"Curvibacter",0,0,0,0,0,0
"Curvularia",0,0,0,0,0,1.08096900525331
"Cyanidioschyzon",0,0,0.795335527231143,0,0,0
"X.Cyanobacteria.",28.5172385846895,633.941359998423,400.053770197265,127.791491175118,473.542762006264,124.311435604131
"Cyanobacterium",0,0.454764246770748,0.795335527231143,1.55843281920875,0,1.08096900525331
"Cyanobium",0,0,0,0,0,0
"Cyanothece",0,3.18334972739524,1.59067105446229,0,0,2.16193801050662
"X.Cyclobacteriaceae.",0,3.18334972739524,1.59067105446229,0,0,0
"Cyclobacterium",0,0.454764246770748,0,0,0,0
"Cycloclasticus",0,0,0,0,0,1.08096900525331
"Cylindrospermopsis",0,0,0,0,0,0
"Cylindrospermum",0,3.63811397416598,0,0,6.52262757584386,0
"Cyphellophora",4.75287309744825,15.4619843902054,6.36268421784914,0,3.91357654550631,5.40484502626655
"Cystobacter",0,1.36429274031224,0,0,0,4.32387602101324
"X.Cystobacteraceae.",0,0,0,0,0,2.16193801050662
"Cytophaga",0,0,0,0,0,0
"X.Cytophagaceae.",0,39.5644894690551,19.8833881807786,3.1168656384175,9.1316786061814,5.40484502626655
"X.Cytophagales.",0,32.7430257674939,16.702046071854,0,23.4814592730379,18.3764730893063
"X.Cytophagia.",0,0.454764246770748,0,0,0,0
"Dacryopinax",0,0,0.795335527231143,0,0,0
"Dactylellina",0,0.909528493541496,1.59067105446229,0,0,0
"Dactylococcopsis",0,0,0,1.55843281920875,1.30452551516877,0
"Daldinia",0,0,0,0,0,0
"Danaus",0,0,0,0,0,3.24290701575993
"Daphnia",0,0.454764246770748,0,0,0,3.24290701575993
"Davidiella",0,0,0,0,0,0
"Debaryomyces",0,0.454764246770748,0,0,2.60905103033754,0
"X.Debaryomycetaceae.",0,0,0,0,0,0
"Dechloromonas",0,0,0,0,0,0
"Deferribacter",0,0,0,0,0,0
"X.Deferribacteraceae.",0,0,0,0,0,0
"Defluviimonas",0,0.454764246770748,0,0,0,3.24290701575993
"Dehalobacter",0,0,0,0,0,0
"Dehalococcoides",0,0,0,0,0,0
"X.Dehalococcoidia.",0,0,0,0,0,0
"Dehalogenimonas",0,0,0,1.55843281920875,0,0
"X.Deinococcales.",0,0.454764246770748,0.795335527231143,0,0,0
"X.Deinococci.",0,0.454764246770748,2.38600658169343,0,2.60905103033754,1.08096900525331
"Deinococcus",0,7.27622794833197,10.3393618540049,0,0,2.16193801050662
"X.Deinococcus.Thermus.",0,0,0.795335527231143,0,0,0
"Delftia",0,0,0,0,0,0
"X.Deltaproteobacteria.",0,0,0,0,0,0
"Dendroctonus",0,0,0,0,0,75.6678303677317
"Denitrovibrio",0,0,0,0,0,0
"Dermabacter",0,0,0,0,0,0
"X.Dermabacteraceae.",0,1.36429274031224,0,0,0,2.16193801050662
"X.Dermacoccaceae.",0,0,0,0,0,0
"Dermacoccus",0,0,0,0,0,0
"X.Dermatophilaceae.",0,1.81905698708299,2.38600658169343,0,1.30452551516877,1.08096900525331
"Desmospora",0,1.81905698708299,0,0,0,2.16193801050662
"Desulfarculus",0,0,0,0,0,0
"Desulfatibacillum",0,0,0.795335527231143,0,0,0
"Desulfitobacterium",0,0,0,0,0,0
"Desulfobacca",0,0,0,0,0,1.08096900525331
"Desulfobacter",0,0,0,0,0,0
"X.Desulfobacteraceae.",0,0,0,0,0,0
"X.Desulfobacterales.",0,0,0,0,0,0
"Desulfobacterium",0,0.454764246770748,0,0,0,3.24290701575993
"Desulfobacula",0,0,0,0,0,0
"X.Desulfobulbaceae.",0,0,0,0,0,0
"Desulfocapsa",0,0,0,0,0,0
"Desulfococcus",0,0.454764246770748,0.795335527231143,0,0,0
"Desulfofustis",0,0,0,0,0,1.08096900525331
"Desulfohalobium",0,0,0,0,0,0
"Desulfomicrobium",0,0,0,0,0,0
"Desulfomonile",0,0,0,0,0,0
"Desulfonatronospira",0,0,0.795335527231143,0,0,0
"Desulfosporosinus",0,0,0,0,0,0
"Desulfotignum",0,0,0,0,0,0
"Desulfotomaculum",0,0.454764246770748,0,0,0,0
"Desulfovibrio",0,0,1.59067105446229,0,0,0
"X.Desulfovibrionales.",0,0,0,0,0,0
"Desulfurispirillum",0,0,0,0,0,0
"Desulfurivibrio",0,0,0,0,0,0
"Desulfurobacterium",0,0,0,0,0,0
"X.Desulfuromonadales.",0,0,0,0,0,0
"Desulfuromonas",0,0,0,0,1.30452551516877,0
"Dethiobacter",0,0,0,0,0,0
"Devosia",0,3.18334972739524,4.77201316338686,0,0,0
"Dialister",0,0.454764246770748,0,0,0,1.08096900525331
"Diaphorina",0,0,0,0,0,0
"Dichelobacter",0,0,0,0,0,0
"Dichomitus",0,0.909528493541496,0,0,0,0
"Dickeya",0,0,2.38600658169343,1.55843281920875,7.82715309101263,2.16193801050662
"Dictyoglomus",0,0,0,0,0,0
"X.Dictyosteliida.",0,0,0,0,0,0
"Dictyostelium",0,0,0,0,0,0
"Dietzia",0,4.09287822093673,2.38600658169343,1.55843281920875,1.30452551516877,4.32387602101324
"Dinoroseobacter",0,0,0,0,0,0
"X.Dipodascaceae.",0,0.454764246770748,0,0,0,0
"X.Diptera.",90.3045888515169,0,0,4.67529845762625,0,7.56678303677316
"Dokdonia",0,0,0,0,0,0
"Dolosigranulum",0,0,0,0,0,0
"Dorea",0,0,0,0,0,0
"X.Dothideomycetes.",0,90.0433208606081,73.9662040324963,17.1427610112963,70.4443778191137,52.9674812574122
"Draconibacterium",0,0.454764246770748,0.795335527231143,0,0,0
"Drechslerella",0,0.454764246770748,0,0,0,0
"Drosophila",9.50574619489651,0.909528493541496,0,0,0,4.32387602101324
"Dyadobacter",0,0,0,0,0,0
"Dyella",0,0,0,0,0,0
"Dysgonomonas",0,0.454764246770748,3.18134210892457,0,0,1.08096900525331
"Echinicola",0,0,1.59067105446229,0,0,0
"Echinococcus",0,0.454764246770748,0,0,0,0
"Ectothiorhodospira",0,0,0,0,0,0
"X.Ectothiorhodospiraceae.",0,0,0,0,0,0
"Edwardsiella",0,0,3.18134210892457,0,0,0
"Eggerthella",0,0,0,0,0,0
"Eimeria",0,0,0.795335527231143,0,0,0
"Elizabethkingia",0,0,0,0,0,0
"Elusimicrobium",0,0,0,0,0,0
"Emiliania",0,0,0.795335527231143,0,0,0
"Emticicia",0,1.36429274031224,0.795335527231143,0,0,2.16193801050662
"Encephalitozoon",4.75287309744825,0,0.795335527231143,0,0,5.40484502626655
"Endocarpon",0,24.1025050788496,3.97667763615571,4.67529845762625,22.1769337578691,6.48581403151986
"Enhydrobacter",0,0,0,0,0,0
"Ensifer",0,0.454764246770748,0,0,0,1.08096900525331
"Entamoeba",0,0.454764246770748,1.59067105446229,0,0,0
"Enterobacter",0,0,0,0,50.8764950915821,5.40484502626655
"X.Enterobacteriaceae.",0,1414.7715717038,2006.63153520417,526.750292892558,11691.1576669425,2931.58794224697
"X.Enterococcaceae.",0,0,0,0,0,0
"Enterococcus",0,3.18334972739524,0,0,0,0
"Epicoccum",0,0,0,0,0,1.08096900525331
"X.Epsilonproteobacteria.",0,0,0,0,0,0
"Eremococcus",0,0,0,0,0,0
"Erwinia",0,10.4595776757272,37.3807697798637,0,1188.42274431875,34.5910081681059
"Erysipelothrix",0,0.909528493541496,0.795335527231143,0,0,2.16193801050662
"X.Erysipelotrichaceae.",0,1.81905698708299,0.795335527231143,0,1.30452551516877,1.08096900525331
"Erythrobacter",0,9.09528493541496,1.59067105446229,0,0,0
"Escherichia",0,5.00240671447823,4.77201316338686,0,92.6213115769828,54.0484502626655
"Ethanoligenens",0,0.454764246770748,0,0,0,0
"X.Eubacteriaceae.",0,0,0,0,0,0
"Eubacterium",0,1.36429274031224,0,1.55843281920875,0,0
"X.Eukaryota.",0,115.964882926541,149.523079119455,26.4933579265488,121.320872910696,62.6962023046919
"X.Eurotiales.",0,4.54764246770748,0,0,0,0
"X.Eurotiomycetes.",4.75287309744825,108.688654978209,61.240835596798,10.9090297344613,61.3126992129323,36.7529461786125
"X.Euryarchaeota.",0,0.909528493541496,0,0,0,0
"Eutypa",0,0.909528493541496,0,0,3.91357654550631,0
"Exiguobacterium",0,4.54764246770748,17.4973815990851,0,0,0
"Exophiala",0,5.00240671447823,2.38600658169343,1.55843281920875,3.91357654550631,1.08096900525331
"Facklamia",0,0,0,0,0,0
"Faecalibacterium",0,0.454764246770748,0,0,0,0
"Felixounalikevirus",0,0,0,0,0,0
"Ferrimonas",0,0,0,0,0,0
"Ferroplasma",0,0,0,0,0,0
"Fervidicella",0,0,0,0,0,0
"Fervidobacterium",0,0,0,0,0,0
"Fibrella",0,0.909528493541496,0,0,0,0
"Fibrisoma",0,4.54764246770748,0,0,0,0
"Fibrobacter",0,0.454764246770748,0,0,1.30452551516877,0
"Fibroporia",0,0.454764246770748,0.795335527231143,1.55843281920875,0,0
"Fictibacillus",0,0,0,0,0,0
"Filifactor",0,0,0,0,0,0
"Filobasidiella",4.75287309744825,3.63811397416598,62.8315066512603,4.67529845762625,6.52262757584386,11.8906590577864
"Fimbriimonas",0,0.454764246770748,0,0,0,2.16193801050662
"Finegoldia",0,0,0,0,0,0
"X.Firmicutes.",0,34.5620827545769,0,0,0,0
"Fischerella",0,5.00240671447823,6.36268421784914,3.1168656384175,3.91357654550631,0
"Flammeovirga",0,0,0,0,0,0
"X.Flammeovirgaceae.",4.75287309744825,1.36429274031224,0.795335527231143,0,0,0
"X.Flavobacteriaceae.",0,44.1121319367626,190.880526535474,0,0,0
"X.Flavobacteriales.",0,12.7333989095809,33.404092143708,0,0,0
"X.Flavobacteriia.",0,0.909528493541496,4.77201316338686,0,0,0
"Flavobacterium",0,0,0,0,0,0
"Flavonifractor",0,0,0,0,0,0
"Flexibacter",0,0.454764246770748,0.795335527231143,0,0,0
"Flexistipes",0,0.454764246770748,0,0,0,0
"Fluviicola",0,0,0,0,0,0
"Fomitopsis",0,0.454764246770748,1.59067105446229,0,0,0
"X.Formicidae.",4.75287309744825,0,0.795335527231143,0,0,2.16193801050662
"Formosa",0,0.454764246770748,0,0,0,0
"Francisella",0,0,0,0,0,0
"Frankia",0,2.72858548062449,0,0,0,0
"Frankliniella",0,0,0,1.55843281920875,0,1.08096900525331
"Frateuria",0,0.909528493541496,0.795335527231143,0,0,0
"Frischella",0,0,0,1.55843281920875,0,0
"Fulvimarina",4.75287309744825,0.454764246770748,0.795335527231143,0,0,0
"Fulvivirga",0,2.27382123385374,0,0,0,0
"X.Fungi.",4.75287309744825,87.7694996267544,143.955730428837,7.79216409604375,71.7489033342824,46.4816672258923
"Fusarium",0,0,0,0,0,0
"X.Fusobacteriales.",0,0,0,0,0,0
"Fusobacterium",0,0.454764246770748,0,0,0,1.08096900525331
"Gaeumannomyces",0,0.909528493541496,0.795335527231143,0,1.30452551516877,1.08096900525331
"Galbibacter",0,1.36429274031224,27.83674345309,0,3.91357654550631,1.08096900525331
"Galdieria",0,0,0,0,1.30452551516877,0
"Gallaecimonas",0,0,0.795335527231143,0,0,0
"Gallibacterium",0,0,0,0,0,0
"Gallionella",0,0,0,0,0,0
"X.Gammaproteobacteria.",0,1000.02657864888,1656.68390322247,573.50327746882,1725.88725656828,1767.38432358916
"Ganoderma",0,0,0,1.55843281920875,0,0
"Gardnerella",0,0,0,0,0,0
"Geitlerinema",0,0.909528493541496,0,0,1.30452551516877,0
"Gemella",0,0,0,0,0,0
"Gemmata",0,0,0,0,0,0
"X.Gemmatimonadetes.",0,0,0,0,0,0
"Gemmatimonas",0,0.454764246770748,0,0,0,1.08096900525331
"Geobacillus",0,4.54764246770748,0,0,0,0
"Geobacter",0,0,0,0,0,1.08096900525331
"X.Geodermatophilaceae.",0,23.1929765853082,1.59067105446229,0,0,0
"Geodermatophilus",0,6.36669945479047,1.59067105446229,0,0,0
"Geotrichum",0,0.909528493541496,0.795335527231143,0,0,0
"Gilliamella",9.50574619489651,12.7333989095809,379.375046489255,204.154699316346,40.4402909702319,589.128107863054
"Gillisia",0,0.909528493541496,1.59067105446229,0,0,1.08096900525331
"Glaciecola",0,0,0,0,0,0
"Glarea",0,6.36669945479047,3.18134210892457,3.1168656384175,7.82715309101263,2.16193801050662
"Gloeobacter",0,0,0,0,0,0
"Gloeocapsa",0,19.1000983643714,11.134697381236,0,7.82715309101263,6.48581403151986
"Gloeophyllum",0,0,0.795335527231143,0,0,0
"X.Glomeraceae.",0,0,0,0,0,0
"X.Glomerellales.",0,0.454764246770748,0,0,0,0
"Gluconacetobacter",0,0.454764246770748,2.38600658169343,0,0,0
"Gluconobacter",0,0,0,0,0,0
"Glycomyces",0,0,0,0,0,0
"Gordonia",0,18.6453341176007,7.15801974508029,0,0,6.48581403151986
"Gordonibacter",0,0,0,0,0,0
"Gottschalkia",0,0,0,0,0,0
"Gracilibacillus",0,0.909528493541496,0,0,0,0
"Gramella",0,0,0,0,0,1.08096900525331
"Granulibacter",0,0,1.59067105446229,0,0,0
"Granulicatella",0,0,0,0,0,0
"Granulicella",0,0,0,0,0,0
"Gregarina",9.50574619489651,3.63811397416598,27.83674345309,0,0,10.8096900525331
"Grimontia",0,0,0,0,0,0
"Grosmannia",0,0,0,0,0,0
"Guillardia",0,0,0.795335527231143,0,0,0
"Haemophilus",0,0,0,0,0,0
"Hafnia",0,7.73099219510272,2.38600658169343,0,5.21810206067509,56.2103882731721
"Hahella",0,0,0,0,0,0
"Haladaptatus",0,0,0,0,0,0
"Halalkalicoccus",0,0,0,0,0,0
"X.Halanaerobiaceae.",0,0.454764246770748,0,0,0,0
"Halanaerobium",0,0,0,0,0,1.08096900525331
"Haliangium",0,0,0,0,0,0
"Haliscomenobacter",0,3.18334972739524,3.97667763615571,0,1.30452551516877,0
"Haloarcula",0,0,0,0,0,0
"Halobacillus",0,0,0,0,0,0
"X.Halobacteriaceae.",0,0,0.795335527231143,3.1168656384175,0,0
"Halobacterium",0,0.454764246770748,0,0,0,0
"Halobacteroides",0,0,0,0,0,0
"Halococcus",0,0,0,0,0,0
"Haloferax",0,0,0,0,0,0
"Halogeometricum",0,0,0,0,0,0
"Halogranum",0,0,0,0,0,0
"X.Halomonadaceae.",0,0.454764246770748,0,0,1.30452551516877,0
"Halomonas",0,7.27622794833197,3.97667763615571,3.1168656384175,2.60905103033754,1.08096900525331
"Halonotius",0,0,0,0,0,0
"Halopiger",0,0,0,0,0,0
"Haloplasma",0,0,0,0,0,0
"Halorhodospira",0,0,0,0,0,0
"Halorubrum",0,0,0,0,0,0
"Halostagnicola",0,0,0,0,0,0
"Halothece",0,0.454764246770748,0,0,0,0
"Halothermothrix",0,0.454764246770748,0,0,0,0
"Halothiobacillus",0,0.454764246770748,0,0,0,0
"Harmonia",0,0,0,0,0,1.08096900525331
"Harpegnathos",0,0.454764246770748,0.795335527231143,0,0,3.24290701575993
"Helcococcus",0,0,0,0,0,0
"Helicobacter",0,0,0,0,0,0
"Helicoverpa",0,0.454764246770748,0,0,0,0
"Heliobacillus",0,0,0,0,0,0
"Heliobacterium",0,0,0,0,0,0
"Helobdella",0,0,0,1.55843281920875,0,2.16193801050662
"X.Helotiales.",0,7.73099219510272,7.15801974508029,0,16.958831697194,1.08096900525331
"X.Hemiptera.",0,0,0,0,0,3.24290701575993
"Herbaspirillum",0,0.909528493541496,0,0,0,0
"Herminiimonas",0,0.454764246770748,0,0,0,0
"Herpetosiphon",0,0,0,0,0,0
"X.Herpotrichiellaceae.",0,23.1929765853082,11.9300329084671,0,10.4362041213502,0
"Heterobasidion",0,0.454764246770748,0.795335527231143,0,0,1.08096900525331
"Hippea",0,0,0,0,0,1.08096900525331
"Hirschia",0,0,0,0,0,0
"Hoeflea",0,0,0,0,0,0
"Holdemania",0,0,0,0,0,0
"Holosticha",0,0,0.795335527231143,0,0,0
"Hortaea",0,0.454764246770748,0,0,0,2.16193801050662
"Hyaloperonospora",0,0,0.795335527231143,0,1.30452551516877,0
"Hydra",0,0,0,0,0,1.08096900525331
"Hydrocarboniphaga",0,0,0,0,0,0
"Hydrogenivirga",0,0,0.795335527231143,0,0,0
"Hydrogenophaga",0,1.81905698708299,0.795335527231143,0,0,0
"Hylemonella",0,0.454764246770748,0,0,0,0
"Hymenobacter",0,51.8431241318653,28.6320789803211,7.79216409604375,15.6543061820253,19.4574420945596
"Hymenolepis",0,0,0.795335527231143,0,0,0
"X.Hymenoptera.",0,0,3.18134210892457,4.67529845762625,0,10.8096900525331
"X.Hymenostomatida.",0,0,0,0,1.30452551516877,0
"X.Hyphomicrobiaceae.",0,2.27382123385374,0,0,0,0
"Hyphomicrobium",0,3.18334972739524,0,0,0,6.48581403151986
"X.Hyphomonadaceae.",0,0,0,0,0,0
"Hyphomonas",0,0.909528493541496,0,0,0,0
"X.Hypocreales.",0,0,10.3393618540049,0,0,0
"I3likevirus",0,0,0,0,0,0
"Idiomarina",0,0,0.795335527231143,0,0,0
"X.Ignavibacteriales.",0,0,0,0,0,0
"Ignavibacterium",0,0,0,0,0,0
"Ignicoccus",0,0,0,0,0,0
"Ilumatobacter",0,7.73099219510272,0,0,0,0
"Ilyobacter",0,0.454764246770748,0.795335527231143,0,0,0
"Imtechella",0,0,0,0,0,0
"Indibacter",0,0.454764246770748,0.795335527231143,0,0,0
"Influenzavirus_A",0,0,0,0,0,0
"Influenzavirus_B",0,0,0.795335527231143,0,0,0
"X.Insecta.",133.080446728551,1.36429274031224,4.77201316338686,18.701193830505,5.21810206067509,463.73570325367
"Intestinibacter",0,0,0,0,0,0
"X.Intrasporangiaceae.",0,14.5524558966639,0,0,0,0
"Intrasporangium",0,0,0,0,0,0
"Isoptericola",0,0.454764246770748,0,0,0,0
"Isosphaera",0,0,0,0,0,0
"Ixodes",0,0,0,4.67529845762625,0,0
"Jaminaea",0,0,0.795335527231143,0,0,0
"Janibacter",0,16.3715128837469,7.95335527231143,0,0,3.24290701575993
"Jannaschia",0,0,0,0,0,0
"Janthinobacterium",0,5.91193520801972,0,0,0,0
"Jeotgalicoccus",0,0,0,0,0,0
"Johnsonella",0,0,0,0,0,0
"Jonesia",0,0,1.59067105446229,0,0,1.08096900525331
"Joostella",0,0.454764246770748,0.795335527231143,0,0,0
"Kahliella",0,0,0,0,2.60905103033754,0
"Kamptonema",0,0,0.795335527231143,0,0,0
"Kangiella",0,0,0.795335527231143,0,1.30452551516877,0
"Ketogulonicigenium",0,0.909528493541496,0,0,1.30452551516877,0
"Kineococcus",0,2.72858548062449,2.38600658169343,0,0,1.08096900525331
"Kineosphaera",0,7.73099219510272,0.795335527231143,0,0,1.08096900525331
"Kingella",0,0,0,0,0,0
"Kitasatospora",0,0,0,0,0,0
"Klebsiella",0,0,0.795335527231143,0,57.3991226674259,14.052597068293
"Kluyvera",0,0,0,0,1.30452551516877,0
"Kluyveromyces",0,0,0.795335527231143,1.55843281920875,0,0
"Kocuria",0,8.18575644187347,6.36268421784914,0,0,1.08096900525331
"Komagataeibacter",0,0,0,0,0,0
"Kordia",0,0,0,0,1.30452551516877,0
"Kosakonia",0,0,0,0,6.52262757584386,1.08096900525331
"Kribbella",0,0,0,0,0,0
"Krombeinella",4.75287309744825,0,0,0,0,0
"Ktedonobacter",0,0,0,0,0,0
"Kurtzmanomyces",0,0,0,0,0,0
"Kutzneria",0,2.27382123385374,0,0,0,0
"Kwoniella",0,0,2.38600658169343,0,0,1.08096900525331
"Kyrpidia",0,0,0,0,0,0
"Kytococcus",0,1.36429274031224,0.795335527231143,0,0,1.08096900525331
"Labrenzia",0,0,0,0,0,0
"Laccaria",0,0,0,0,0,0
"Lachnoanaerobaculum",0,0.454764246770748,0,0,0,1.08096900525331
"Lachnoclostridium",0,0,0,1.55843281920875,0,0
"X.Lachnospiraceae.",0,2.27382123385374,0,0,0,0
"Lacinutrix",0,0,0.795335527231143,0,0,0
"X.Lactobacillaceae.",0,8.64052068864421,1.59067105446229,7.79216409604375,3.91357654550631,7.56678303677316
"X.Lactobacillales.",0,43.2026034432211,1.59067105446229,0,9.1316786061814,68.1010473309585
"Lactobacillus",0,78.6742146913394,65.2175132329537,98.1812676101513,24.7859847882067,339.424267649539
"Lactococcus",0,4.54764246770748,0,0,0,15.1335660735463
"Lambdalikevirus",0,0,0,0,1.30452551516877,8.64775204202647
"Laribacter",0,0,0,0,0,0
"X.Latescibacteria.",0,0,0,0,0,0
"Lautropia",0,0,0,0,0,0
"Lawsonia",0,0,0,0,0,0
"Leadbetterella",0,0.909528493541496,0,0,0,0
"Leeuwenhoekiella",0,0,0.795335527231143,0,0,0
"Legionella",0,2.27382123385374,1.59067105446229,0,0,1.08096900525331
"X.Legionellales.",0,0,0,0,0,3.24290701575993
"Leifsonia",0,0.909528493541496,0,0,0,0
"Leishmania",0,0,7.15801974508029,6.233731276835,28.699561333713,0
"Leisingera",0,0,0,0,0,0
"Lentisphaera",0,0,0,0,0,0
"X.Leotiomycetes.",4.75287309744825,5.91193520801972,7.95335527231143,4.67529845762625,2.60905103033754,2.16193801050662
"X.Lepidoptera.",0,0.454764246770748,0,0,1.30452551516877,5.40484502626655
"Leptolyngbya",0,0.454764246770748,0.795335527231143,0,0,0
"Leptonema",0,0,0,0,0,0
"Leptopilina",0,0,0,0,0,1.08096900525331
"Leptosphaeria",0,10.4595776757272,11.134697381236,4.67529845762625,13.0452551516877,12.9716280630397
"Leptospira",0,0,0,0,0,0
"X.Leptospiraceae.",0,0,0,0,0,0
"Leptospirillum",0,0,0,0,0,0
"Leptothrix",0,0,0,0,0,0
"Leptotrichia",0,0,0,0,0,0
"X.Leptotrichiaceae.",0,0,0.795335527231143,0,0,0
"Leuconostoc",0,11.8238704160394,9.54402632677372,0,5.21810206067509,0
"X.Leuconostocaceae.",0,2.27382123385374,0,0,0,0
"Limnobacter",0,0,0,0,0,0
"Listeria",0,0,0,0,0,0
"Loktanella",0,0,0.795335527231143,0,0,1.08096900525331
"Lottia",0,0,0,1.55843281920875,0,1.08096900525331
"Luminiphilus",0,0,0.795335527231143,1.55843281920875,0,1.08096900525331
"Lutibaculum",0,0,0,0,0,1.08096900525331
"Lyngbya",0,2.27382123385374,0.795335527231143,3.1168656384175,1.30452551516877,1.08096900525331
"Lysinibacillus",0,1.36429274031224,0,1.55843281920875,1.30452551516877,0
"Lysobacter",0,1.81905698708299,0,1.55843281920875,0,0
"Macrococcus",0,0.909528493541496,0,0,0,0
"Macrophomina",0,7.73099219510272,5.567348690618,6.233731276835,7.82715309101263,4.32387602101324
"Madurella",0,0.909528493541496,0,0,0,0
"X.Magnaporthaceae.",0,0.454764246770748,0,0,0,1.08096900525331
"Magnaporthe",0,0,0,0,0,0
"Magnaporthiopsis",0,0.454764246770748,0,0,1.30452551516877,0
"Magnetococcus",0,0,0,0,0,0
"Magnetospira",0,0,0,0,0,0
"Magnetospirillum",0,0.454764246770748,0.795335527231143,0,0,0
"Magnetovibrio",0,0,0,0,0,0
"Mahella",0,1.36429274031224,0,0,0,0
"Malassezia",0,0,0,0,0,0
"Mannheimia",0,0.454764246770748,1.59067105446229,0,0,0
"Maribacter",0,1.36429274031224,0,0,1.30452551516877,2.16193801050662
"Maricaulis",0,0,0,0,0,0
"Marichromatium",0,0,0.795335527231143,0,0,0
"Mariniradius",0,1.81905698708299,0,0,1.30452551516877,2.16193801050662
"Marinithermus",0,0,0,0,0,0
"Marinobacter",0,1.36429274031224,6.36268421784914,0,0,0
"Marinomonas",0,0,0.795335527231143,0,0,0
"Maritimibacter",0,0,0,0,0,0
"Marivirga",0,0,0,0,0,0
"Marssonina",0,2.72858548062449,8.74869079954257,1.55843281920875,0,3.24290701575993
"Marvinbryantia",0,0,0,0,0,0
"Massilia",0,8.64052068864421,7.95335527231143,7.79216409604375,0,0
"Mastadenovirus",0,0,0,0,0,0
"Megamonas",0,0.909528493541496,0,0,0,0
"Megaselia",0,0,0,0,0,1.08096900525331
"Megasphaera",0,0,0,0,0,0
"Meiothermus",0,0.454764246770748,0.795335527231143,0,0,0
"Melampsora",4.75287309744825,10.914341922498,9.54402632677372,4.67529845762625,10.4362041213502,3.24290701575993
"Melioribacter",0,0,0,0,0,0
"Melissococcus",0,0.909528493541496,0,0,0,0
"Mesorhizobium",0,0,0,0,0,0
"Mesotoga",0,0,0,0,0,0
"Metallosphaera",0,0,0,0,0,0
"Metapneumovirus",0,0,0,0,0,0
"Metarhizium",0,0.454764246770748,1.59067105446229,0,1.30452551516877,0
"X.Metazoa.",57.0344771693791,6.36669945479047,7.15801974508029,31.168656384175,6.52262757584386,156.74050576173
"X.Methanobacteriaceae.",0,0,0,0,1.30452551516877,0
"X.Methanobacteriales.",0,0.909528493541496,0.795335527231143,0,0,0
"Methanobacterium",0,0.454764246770748,0,1.55843281920875,0,0
"Methanobrevibacter",0,1.36429274031224,0,0,1.30452551516877,0
"X.Methanocaldococcaceae.",0,0,0,0,0,0
"Methanocella",0,0,0,0,0,0
"X.Methanococcales.",0,0,0,0,0,0
"Methanococcus",0,0,0,0,0,0
"Methanocorpusculum",0,0,0,0,0,0
"Methanoculleus",0,0,0.795335527231143,0,0,0
"Methanofollis",0,0,0,0,0,0
"Methanolobus",0,0,0,0,0,0
"Methanomethylovorans",0,0.454764246770748,0,0,0,0
"X.Methanomicrobia.",0,0.454764246770748,0,0,0,0
"X.Methanomicrobiaceae.",0,0,0,0,0,0
"Methanoplanus",0,0.454764246770748,0,0,0,1.08096900525331
"Methanoregula",0,0.454764246770748,0,0,0,0
"Methanosaeta",0,0,0,0,0,0
"Methanosarcina",0,1.36429274031224,0,0,5.21810206067509,1.08096900525331
"X.Methanosarcinaceae.",4.75287309744825,0,0,0,5.21810206067509,0
"X.Methanosarcinales.",0,0,0,0,1.30452551516877,0
"Methanosphaera",0,0,0,0,0,0
"Methanospirillum",0,0,0,0,0,0
"Methanothermus",0,0,0,0,0,0
"Methanotorris",0,0.454764246770748,0,0,0,0
"Methylacidiphilum",0,0,0,0,0,0
"Methylibium",0,0,0,0,0,0
"Methylobacillus",0,0,0,0,0,0
"Methylobacter",0,0,0,0,0,0
"X.Methylobacteriaceae.",0,0,0,0,0,0
"Methylobacterium",0,0,0,0,0,0
"Methylocella",0,0,0,0,0,0
"X.Methylococcaceae.",0,0,1.59067105446229,0,1.30452551516877,0
"Methylococcus",0,0,0,0,0,0
"Methylocystis",0,0,0,0,0,0
"Methyloglobulus",0,0,0,0,0,0
"Methylomicrobium",0,0,0,0,0,0
"Methylomonas",0,0,0,0,0,0
"Methylophaga",0,0,6.36268421784914,0,0,0
"X.Methylophilaceae.",0,0,0,0,0,0
"X.Methylophilales.",0,0,0,0,0,1.08096900525331
"Methylotenera",0,0,0,0,0,0
"Methyloversatilis",0,0,0,0,0,0
"Methylovorus",0,0,0,0,0,0
"Meyerozyma",0,0,0,0,0,0
"Micavibrio",0,0,0,0,0,0
"X.Microbacteriaceae.",0,10.0048134289565,0,0,0,0
"Microbacterium",0,10.4595776757272,0,0,0,0
"Microbispora",0,0,0,0,0,0
"Microbotryum",0,0.909528493541496,0.795335527231143,0,0,0
"Microchaete",0,0,0,0,1.30452551516877,0
"X.Micrococcaceae.",0,55.0264738592605,42.1527829432506,93.505969152525,62.617224728101,5.40484502626655
"Micrococcus",0,1.81905698708299,2.38600658169343,0,0,1.08096900525331
"Microcoleus",0,7.27622794833197,1.59067105446229,0,7.82715309101263,0
"Microcystis",0,1.36429274031224,1.59067105446229,0,0,0
"Microlunatus",0,20.4643911046837,1.59067105446229,0,0,0
"Micromonospora",0,0.909528493541496,0.795335527231143,0,0,0
"X.Micromonosporaceae.",0,4.09287822093673,0,0,0,0
"Microplitis",0,0,0,0,0,11.8906590577864
"Microscilla",0,0,0,0,0,0
"X.Microsporidia.",4.75287309744825,0,0,0,0,0
"Microvirga",0,6.36669945479047,7.15801974508029,0,0,0
"X.Mimiviridae.",0,0,0,0,0,0
"Mitsuokella",0,0,0,0,0,0
"Mixia",0,0,1.59067105446229,0,0,0
"Mobilicoccus",0,3.18334972739524,0,0,3.91357654550631,0
"Mobiluncus",0,0,0,0,0,0
"Modestobacter",0,25.4667978191619,15.9067105446229,0,0,0
"Mogibacterium",0,0,0,0,0,0
"X.Mollicutes.",0,0,0,0,1.30452551516877,0
"X.Mollusca.",0,0,0,0,0,0
"Moniliophthora",0,0,3.18134210892457,0,1.30452551516877,1.08096900525331
"Monoblepharella",0,0,0,0,2.60905103033754,0
"Monosiga",4.75287309744825,0,0,0,0,1.08096900525331
"Moorea",0,3.18334972739524,1.59067105446229,0,2.60905103033754,2.16193801050662
"Moorella",0,0,0.795335527231143,0,0,0
"Moraxella",0,0,0,0,0,0
"X.Moraxellaceae.",0,167.353242811635,160.657776500691,31.168656384175,104.362041213502,208.627018013889
"Morganella",0,0.909528493541496,0.795335527231143,0,1.30452551516877,1.08096900525331
"Moritella",0,0,0,0,0,0
"Mortierella",0,0,0,0,0,0
"Mucilaginibacter",0,0,0,0,0,0
"Mucispirillum",0,0,0,0,1.30452551516877,0
"Mucor",0,0,0,0,0,0
"X.Mucorales.",0,2.72858548062449,0,0,0,0
"Muricauda",0,0,0,0,0,0
"Myceliophthora",0,1.36429274031224,1.59067105446229,0,3.91357654550631,3.24290701575993
"X.Mycobacteriaceae.",0,0.454764246770748,0,0,1.30452551516877,0
"Mycobacterium",0,2.27382123385374,0,0,0,0
"Mycoplasma",0,0,0,0,0,0
"Mycosphaerella",0,20.0096268579129,13.5207039629294,0,7.82715309101263,14.052597068293
"X.Mycosphaerellaceae.",0,53.2074168721775,34.1994276709391,0,24.7859847882067,36.7529461786125
"X.Myoviridae.",0,0,0,0,0,0
"Myroides",0,2.72858548062449,1.59067105446229,0,0,3.24290701575993
"X.Myxococcaceae.",0,0,0,0,0,0
"X.Myxococcales.",0,0.909528493541496,0,0,0,0
"Myxococcus",0,1.36429274031224,0,0,0,1.08096900525331
"N15likevirus",0,0,0,0,0,11.8906590577864
"N4likevirus",0,0.909528493541496,0,0,0,0
"Naegleria",0,0,0,0,0,0
"Nakamurella",0,9.09528493541496,2.38600658169343,0,0,0
"Nasonia",4.75287309744825,0,0,0,1.30452551516877,9.72872104727978
"Natranaerobius",0,0,0,0,0,0
"Natrialba",0,0,0,0,0,0
"Natrinema",0,0,0,0,0,0
"Natronobacterium",0,0,0,0,0,0
"Natronococcus",0,0.454764246770748,0,0,0,0
"Natronomonas",0,0,0,0,0,0
"Natronorubrum",0,0,0,0,0,0
"Naumovozyma",0,0,0,0,0,0
"Necator",0,0.454764246770748,0,0,0,0
"X.Nectriaceae.",0,0,0,0,0,0
"Negativicoccus",0,0,0,0,0,0
"Neisseria",0,0,0,0,0,0
"X.Neisseriaceae.",0,0,76.3522106141897,137.14208809037,0,12.9716280630397
"X.Neisseriales.",0,0.454764246770748,14.3160394901606,17.1427610112963,1.30452551516877,2.16193801050662
"Nematostella",0,0,2.38600658169343,0,0,0
"Neofusicoccum",0,5.45717096124898,2.38600658169343,0,3.91357654550631,1.08096900525331
"Neosartorya",0,0.454764246770748,0,0,0,1.08096900525331
"Neptuniibacter",0,0,0,0,0,0
"Nesterenkonia",0,4.54764246770748,0.795335527231143,1.55843281920875,0,0
"Neurospora",0,0,0,0,0,0
"Niabella",0,1.81905698708299,0,0,0,0
"Niastella",0,17.7358056240592,0,0,0,0
"Nitratifractor",0,0,0,0,0,0
"Nitratireductor",0,0,0,0,0,0
"Nitrincola",0,0.909528493541496,0,0,0,0
"Nitritalea",0,0,17.4973815990851,0,0,1.08096900525331
"Nitrobacter",0,0,0,0,0,0
"Nitrococcus",0,0,0,0,0,0
"Nitrolancea",0,0,0,0,0,0
"Nitrosococcus",0,0,0,0,0,0
"X.Nitrosomonadaceae.",0,2.72858548062449,0,0,0,6.48581403151986
"Nitrosomonas",0,0,0,0,0,0
"X.Nitrosopumilaceae.",0,0,0,0,0,0
"X.Nitrosopumilales.",0,0,0,0,0,0
"Nitrosopumilus",0,0,0,0,1.30452551516877,1.08096900525331
"Nitrososphaera",0,0,0,0,0,0
"Nitrosospira",0,0,0,0,0,0
"Nitrospina",0,0,0,0,0,0
"Nitrospira",0,0,0,0,0,0
"X.Nitrospiraceae.",0,0,0,0,0,0
"Nocardia",0,1.36429274031224,0,0,0,0
"X.Nocardiaceae.",0,0.909528493541496,0.795335527231143,0,0,0
"X.Nocardioidaceae.",0,10.0048134289565,0,0,0,0
"Nocardioides",0,21.8286838449959,0,0,0,0
"X.Nocardiopsaceae.",0,0,0,0,0,0
"Nocardiopsis",0,3.18334972739524,0,0,0,0
"X.Noctuidae.",0,0,0,0,0,0
"Nodularia",0,3.63811397416598,2.38600658169343,1.55843281920875,0,0
"Nonlabens",0,0,0.795335527231143,0,0,0
"Nonomuraea",0,0,0,0,0,0
"Nosema",0,0,0.795335527231143,0,0,0
"Nostoc",0,16.8262771305177,20.6787237080097,0,5.21810206067509,1.08096900525331
"X.Nostocaceae.",0,10.914341922498,16.702046071854,3.1168656384175,9.1316786061814,1.08096900525331
"X.Nostocales.",0,25.9215620659326,28.6320789803211,3.1168656384175,15.6543061820253,6.48581403151986
"Novosphingobium",0,14.5524558966639,15.1113750173917,0,0,12.9716280630397
"Nuclearia",0,0,0,0,0,0
"X.Nudiviridae.",0,0,0,0,0,0
"X.Nymphalidae.",0,0,0.795335527231143,0,0,0
"Oceanibaculum",0,0,0.795335527231143,0,0,0
"Oceanibulbus",0,0.454764246770748,1.59067105446229,0,0,0
"Oceanicaulis",0,0,0,0,0,0
"Oceanicola",0,0.454764246770748,0,0,0,0
"Oceanimonas",0,0,0,0,0,2.16193801050662
"Oceaniovalibus",0,0.454764246770748,0,0,0,0
"Oceanithermus",0,0,0,0,0,0
"Oceanobacillus",0,0,0,0,0,0
"X.Oceanospirillaceae.",0,0.454764246770748,0.795335527231143,0,0,0
"X.Oceanospirillales.",0,0.909528493541496,0,0,0,0
"Ochrobactrum",0,0,0,0,0,0
"Octadecabacter",0,0,0,0,0,0
"Odoribacter",0,0,0,0,0,0
"Oenococcus",0,0,0,0,0,0
"Ogataea",0,0,0.795335527231143,0,0,0
"Oleispira",0,0,0.795335527231143,0,0,0
"X.Oligohymenophorea.",0,0.454764246770748,0,0,0,0
"Oligotropha",0,0,0,0,1.30452551516877,0
"Olsenella",0,0,0.795335527231143,0,0,0
"Onchocerca",0,0,0,0,0,0
"X.Onygenales.",0,2.72858548062449,0.795335527231143,1.55843281920875,1.30452551516877,2.16193801050662
"Ophiocordyceps",0,0,0.795335527231143,0,0,0
"Ophiostoma",0,0.454764246770748,0,0,0,0
"X.Ophiostomataceae.",0,0,0.795335527231143,0,0,1.08096900525331
"X.Opitutaceae.",0,0,0,0,0,0
"X.Opitutae.",0,0,0,0,0,0
"Opitutus",0,0,0,0,0,0
"X.Orbaceae.",0,0,0.795335527231143,0,0,3.24290701575993
"Orbilia",0,0,0.795335527231143,1.55843281920875,0,0
"X.Orbiliaceae.",0,1.81905698708299,0.795335527231143,0,0,0
"Oribacterium",0,0,0,0,0,1.08096900525331
"Ornithobacterium",0,0,0,0,0,0
"Oscillatoria",0,5.45717096124898,0,1.55843281920875,2.60905103033754,0
"X.Oscillatoriales.",0,18.1905698708299,10.3393618540049,3.1168656384175,5.21810206067509,0
"Oscillibacter",4.75287309744825,0,0,0,0,0
"Oscillochloris",0,0,0,0,0,0
"Owenweeksia",0,0,0,0,0,0
"Oxalobacter",0,0,0,0,0,1.08096900525331
"X.Oxalobacteraceae.",0,20.0096268579129,0,0,0,0
"Oxytricha",0,12.2786346628102,45.3341250521752,0,0,0
"X.Oxytrichidae.",0,0,0.795335527231143,0,0,0
"X.Paenibacillaceae.",0,0.909528493541496,3.18134210892457,0,0,0
"Paenibacillus",0,9.09528493541496,123.277006720827,0,0,36.7529461786125
"Paenisporosarcina",0,0.454764246770748,1.59067105446229,0,0,0
"Paludibacter",0,0,0,0,0,1.08096900525331
"Pandoraea",0,0,0,0,0,0
"Pantoea",0,363.811397416598,839.874316756087,244.673952615774,804.892242859132,63.7771713099452
"Parabacteroides",0,0,0,0,0,0
"Parachlamydia",0,0,0,0,0,0
"X.Parachlamydiaceae.",0,0,0.795335527231143,0,0,0
"Paracoccidioides",0,1.36429274031224,0.795335527231143,0,0,2.16193801050662
"Paracoccus",0,2.72858548062449,3.97667763615571,0,0,0
"Paramecium",0,0,0,0,0,0
"X.Paramyxoviridae.",0,0,0,0,0,0
"Paraphaeosphaeria",0,0,0.795335527231143,0,0,0
"Paraprevotella",0,0,0,0,0,0
"Pararge",0,0,0,1.55843281920875,0,2.16193801050662
"Parascardovia",0,0.454764246770748,0.795335527231143,0,0,0
"Parastagonospora",9.50574619489651,28.1953832997864,12.7253684356983,14.0258953728788,35.2221889095568,22.7003491103195
"Parasutterella",0,0,0,0,0,0
"X.Parcubacteria.",0,0,0,0,0,0
"Parvibaculum",0,2.72858548062449,5.567348690618,0,0,3.24290701575993
"Parvimonas",0,0,0,0,0,0
"Parvularcula",0,0,0,0,0,0
"Pasteurella",0,0,0,0,0,0
"X.Pasteurellaceae.",0,0,0,0,0,0
"Patulibacter",0,0,0,0,0,0
"Pectinophora",0,0,0,0,0,0
"Pectobacterium",0,0.454764246770748,1.59067105446229,0,104.362041213502,0
"Pediculus",9.50574619489651,0.454764246770748,0,0,0,5.40484502626655
"Pediococcus",0,0.454764246770748,0,1.55843281920875,0,3.24290701575993
"Pedobacter",0,18.6453341176007,33.404092143708,0,0,0
"Pedosphaera",0,0,0,0,0,15.1335660735463
"Pelagibaca",0,0,0,0,0,0
"Pelagibacterium",0,0.454764246770748,0,0,0,0
"Pelistega",0,0.454764246770748,0,0,0,0
"Pelobacter",0,0,0,0,0,0
"Pelodictyon",0,0,0,0,0,0
"Pelosinus",0,1.81905698708299,0,0,0,0
"Pelotomaculum",0,0.454764246770748,0,0,0,0
"Peltigera",0,0,0.795335527231143,0,0,0
"Penicillium",0,3.18334972739524,0,0,0,0
"Peptoclostridium",4.75287309744825,1.36429274031224,0.795335527231143,0,0,1.08096900525331
"X.Peptococcaceae.",0,0.909528493541496,0.795335527231143,0,0,0
"Peptoniphilus",0,0,0,0,0,0
"X.Peptostreptococcaceae.",0,0.454764246770748,0,0,0,0
"Peptostreptococcus",0,0,0,0,1.30452551516877,0
"Periplaneta",0,0,0,0,0,1.08096900525331
"Perkinsus",0,0.454764246770748,0,0,0,0
"X.Peronosporales.",0,0,0.795335527231143,0,2.60905103033754,0
"Persephonella",0,0,0,0,0,0
"Pestalotiopsis",0,5.00240671447823,0.795335527231143,0,0,5.40484502626655
"Phaeobacter",0,0,0,0,0,0
"Phaeodactylum",4.75287309744825,0,0,0,0,0
"Phaeospirillum",0,0.454764246770748,0,0,0,1.08096900525331
"Phakopsora",0,3.18334972739524,0,0,3.91357654550631,0
"Phanerochaete",0,0,1.59067105446229,0,0,1.08096900525331
"Phascolarctobacterium",0,0,0,0,0,0
"Phenylobacterium",0,0,0,0,0,0
"Phialocephala",0,0,0,0,1.30452551516877,0
"Phikzlikevirus",0,0,0,0,0,0
"Photobacterium",0,0.454764246770748,0,1.55843281920875,0,2.16193801050662
"Photorhabdus",0,0,0,0,7.82715309101263,3.24290701575993
"Phycisphaera",0,0,0,0,1.30452551516877,0
"X.Phyllobacteriaceae.",0,2.27382123385374,0,0,0,4.32387602101324
"Phyllobacterium",0,0,0,0,0,0
"Phytomonas",0,0,0,0,0,0
"Phytophthora",0,3.63811397416598,3.18134210892457,0,5.21810206067509,0
"Pirellula",0,2.72858548062449,1.59067105446229,0,0,0
"Piriformospora",0,0,0.795335527231143,0,0,0
"Piscirickettsia",0,0,0,0,0,0
"Planctomyces",0,0.909528493541496,0,0,0,1.08096900525331
"X.Planctomycetaceae.",0,0,0,0,0,0
"X.Planctomycetales.",0,1.36429274031224,0,0,0,1.08096900525331
"X.Planctomycetes.",0,0,0,0,0,0
"X.Planctomycetia.",0,0.454764246770748,0,0,0,1.08096900525331
"Planktothrix",0,0,0,0,0,0
"Planobispora",0,0,0,0,0,0
"X.Planococcaceae.",0,4.09287822093673,1.59067105446229,0,6.52262757584386,6.48581403151986
"Planococcus",0,0.909528493541496,0.795335527231143,0,0,0
"Planomicrobium",0,4.09287822093673,1.59067105446229,0,5.21810206067509,1.08096900525331
"Plasmodium",0,0,0,0,0,0
"X.Pleosporaceae.",0,69.1241655091537,62.8315066512603,0,65.2262757584386,90.801396441278
"X.Pleosporales.",0,219.651131190271,220.307941043027,38.9608204802188,219.160286548354,272.404189323834
"Plesiocystis",0,1.36429274031224,0,0,0,0
"Plesiomonas",0,0.454764246770748,0.795335527231143,0,0,0
"Pleurocapsa",0,0.454764246770748,0,1.55843281920875,0,1.08096900525331
"X.Pleurocapsales.",0,0.454764246770748,0.795335527231143,0,0,0
"Pleurotus",0,0,0,0,0,0
"Plicaturopsis",0,0,0,0,1.30452551516877,0
"Pneumocystis",0,0,0,0,0,0
"Podospora",0,0,0,0,0,2.16193801050662
"X.Podoviridae.",0,82.3123286655054,0,0,0,3.24290701575993
"Polaribacter",0,1.36429274031224,0.795335527231143,0,0,0
"Polaromonas",0,2.27382123385374,2.38600658169343,0,0,1.08096900525331
"X.Polyangiaceae.",0,5.00240671447823,0,0,0,1.08096900525331
"Polynucleobacter",0,0,0,0,0,0
"X.Polyporales.",0,0.454764246770748,0.795335527231143,0,0,0
"Polysphondylium",0,0,0,0,0,0
"Pontibacter",0,3.63811397416598,4.77201316338686,0,0,7.56678303677316
"X.Poribacteria.",0,0,0,0,0,0
"X.Porphyromonadaceae.",0,0,0,0,0,0
"Porphyromonas",0,0,0,0,0,0
"Portunus",0,0,0,0,0,1.08096900525331
"Prasinovirus",0,0,1.59067105446229,0,0,0
"Prevotella",0,1.36429274031224,0,0,0,0
"X.Prevotellaceae.",0,0.454764246770748,0,0,0,0
"Prochlorococcus",0,0,3.18134210892457,0,0,0
"X.Promicromonosporaceae.",0,0,0,0,0,0
"X.Propionibacteriaceae.",0,0,0,0,0,0
"Propionibacterium",0,0,0,0,0,0
"Propionimicrobium",0,0,0,0,0,0
"Prosthecochloris",0,0,0,0,0,0
"X.Proteobacteria.",0,835.401921317864,1060.97759332634,0,13.0452551516877,339.424267649539
"Proteus",0,0.909528493541496,1.59067105446229,3.1168656384175,0,1.08096900525331
"Providencia",0,12.2786346628102,0.795335527231143,0,3.91357654550631,3.24290701575993
"Pseudanabaena",0,1.81905698708299,0,0,0,0
"Pseudoalteromonas",0,0.454764246770748,0.795335527231143,0,1.30452551516877,1.08096900525331
"Pseudocercospora",0,15.9167486369762,14.3160394901606,0,5.21810206067509,8.64775204202647
"Pseudoflavonifractor",0,0.454764246770748,0,0,0,0
"Pseudogulbenkiania",0,0,0,0,0,0
"Pseudogymnoascus",0,2.27382123385374,0,0,0,0
"X.Pseudomonadaceae.",0,183.724755695382,212.354585770715,71.6879096836025,0,20.5384110998129
"X.Pseudomonadales.",0,101.867191276648,87.4869079954257,29.6102235649663,48.2674440612445,107.015931520078
"Pseudomonas",0,2614.43965468503,3576.62386595845,1743.88632469459,0,257.270623250288
"Pseudonocardia",0,0,0,0,0,0
"X.Pseudonocardiaceae.",0,0.909528493541496,0,0,0,0
"Pseudoramibacter",0,0,0,0,0,0
"Pseudovibrio",0,0,0.795335527231143,0,0,0
"Pseudoxanthomonas",0,1.81905698708299,5.567348690618,0,0,1.08096900525331
"Pseudozyma",0,1.81905698708299,2.38600658169343,6.233731276835,3.91357654550631,1.08096900525331
"Psychrobacter",0,4.09287822093673,0.795335527231143,0,5.21810206067509,1.08096900525331
"Psychroflexus",0,0,0.795335527231143,0,0,0
"Psychromonas",0,0.454764246770748,0.795335527231143,0,0,0
"Puccinia",4.75287309744825,30.0144402868694,21.4740592352409,4.67529845762625,35.2221889095568,4.32387602101324
"X.Pucciniales.",0,1.81905698708299,0,0,0,0
"Punctularia",0,0,0.795335527231143,0,0,0
"Pusillimonas",0,0.454764246770748,0,0,0,0
"Pyramidobacter",0,0,0,0,0,0
"Pyrenophora",0,49.5693028980115,40.5621118887883,18.701193830505,62.617224728101,38.9148841891191
"Pyrobaculum",0,0,0,0,0,0
"Pyrococcus",0,0,0,0,0,0
"Pyronema",0,0.909528493541496,1.59067105446229,0,0,0
"Pythium",0,0,0,0,0,0
"Rahnella",0,203.279618306524,0,4.67529845762625,30.0040868488817,0
"Ralstonia",0,0,0,0,0,0
"Ramlibacter",0,2.27382123385374,0,0,0,0
"Raoultella",0,0.909528493541496,0,0,0,5.40484502626655
"Raphidiopsis",0,0,0,0,0,0
"X.Reduviidae.",0,0,0,0,0,3.24290701575993
"Reinekea",0,0,0,0,0,0
"Renibacterium",0,1.81905698708299,0,1.55843281920875,1.30452551516877,0
"Reticulomyxa",0,0,0,0,0,0
"X.Retroviridae.",0,0,0,0,0,0
"X.Rhabditida.",4.75287309744825,0.454764246770748,0,0,0,1.08096900525331
"Rheinheimera",0,0,0.795335527231143,0,0,0
"Rhipicephalus",0,0,0,0,1.30452551516877,0
"X.Rhizobiaceae.",0,9.09528493541496,17.4973815990851,0,0,0
"X.Rhizobiales.",0,18.1905698708299,0,0,0,0
"Rhizobium",0,2.72858548062449,0.795335527231143,0,0,0
"Rhizoctonia",9.50574619489651,1.81905698708299,5.567348690618,0,1.30452551516877,0
"Rhizophagus",0,3.18334972739524,0,0,2.60905103033754,0
"Rhizopus",0,0,0,0,3.91357654550631,0
"Rhodanobacter",0,0,0,0,0,0
"Rhodnius",9.50574619489651,0,0,3.1168656384175,1.30452551516877,10.8096900525331
"Rhodobacter",0,3.18334972739524,0,0,6.52262757584386,1.08096900525331
"X.Rhodobacteraceae.",0,60.9384090672802,47.7201316338686,14.0258953728788,3.91357654550631,17.2955040840529
"X.Rhodobacterales.",0,6.82146370156122,2.38600658169343,0,0,4.32387602101324
"Rhodococcus",0,6.82146370156122,0,0,0,0
"X.Rhodocyclaceae.",0,0,0,0,0,0
"Rhodoferax",0,0.454764246770748,0.795335527231143,0,0,0
"Rhodomicrobium",0,0,0,0,0,0
"Rhodonellum",0,0,0,0,0,0
"Rhodopirellula",0,0.909528493541496,0,0,0,0
"Rhodopseudomonas",0,2.72858548062449,0,0,0,0
"X.Rhodospirillaceae.",0,4.09287822093673,6.36268421784914,0,0,0
"X.Rhodospirillales.",0,9.09528493541496,0,0,0,2.16193801050662
"Rhodospirillum",0,0,0,0,0,0
"Rhodosporidium",0,0.454764246770748,3.97667763615571,0,0,0
"X.Rhodothermaceae.",0,1.36429274031224,0.795335527231143,0,0,1.08096900525331
"Rhodothermus",0,0.454764246770748,0,0,0,0
"Rhodotorula",4.75287309744825,0,1.59067105446229,0,1.30452551516877,0
"Rhodovulum",0,1.81905698708299,0,0,0,0
"Richelia",0,0.454764246770748,0,0,0,0
"Rickettsia",0,0,0,0,0,0
"Rickettsiella",0,8.18575644187347,2.38600658169343,3.1168656384175,1.30452551516877,43.2387602101324
"Riemerella",0,0,0,0,0,0
"Riptortus",0,0,0,1.55843281920875,0,2.16193801050662
"Rivularia",0,2.72858548062449,3.18134210892457,4.67529845762625,3.91357654550631,1.08096900525331
"X.Rivulariaceae.",0,0.909528493541496,0.795335527231143,0,0,0
"Robiginitalea",0,0.909528493541496,0.795335527231143,0,0,0
"Roseburia",0,0.454764246770748,0,0,0,0
"Roseibacterium",0,0.454764246770748,0,0,0,0
"Roseibium",0,0,0.795335527231143,1.55843281920875,0,0
"Roseiflexus",0,1.81905698708299,0,0,0,0
"Roseivivax",0,0.454764246770748,0,1.55843281920875,1.30452551516877,0
"Rosenbergiella",0,0,0,0,0,0
"Roseobacter",0,0.454764246770748,2.38600658169343,0,0,0
"Roseomonas",0,0.909528493541496,3.18134210892457,0,0,3.24290701575993
"Roseovarius",0,2.27382123385374,0.795335527231143,0,0,0
"Rothia",0,0,0,0,0,0
"Rubellimicrobium",0,3.63811397416598,8.74869079954257,0,2.60905103033754,0
"Rubidibacter",0,0.454764246770748,0,0,0,0
"Rubrivivax",0,0,0,0,0,0
"Rubrobacter",0,3.18334972739524,0,0,0,0
"Ruegeria",0,0,0,0,0,0
"Ruminiclostridium",0,1.36429274031224,0,0,2.60905103033754,0
"X.Ruminococcaceae.",0,0.454764246770748,0,0,0,0
"Ruminococcus",0,1.36429274031224,0,0,0,0
"Runella",0,0.909528493541496,0,0,0,0
"Saccharomonospora",0,2.27382123385374,0,0,0,3.24290701575993
"Saccharomyces",0,0,1.59067105446229,0,0,0
"X.Saccharomycetaceae.",4.75287309744825,0.909528493541496,0.795335527231143,0,0,0
"X.Saccharomycetales.",0,0,0,0,0,0
"Saccharophagus",0,0,0,0,0,0
"Saccharopolyspora",0,0,0,0,0,0
"Saccharothrix",0,0,0,0,0,0
"Sagittula",0,0.909528493541496,0,0,0,0
"Salimicrobium",0,0,0,0,0,0
"Salinibacter",0,0,0,0,0,0
"Salinibacterium",0,0,0,0,0,0
"Salinisphaera",0,0.454764246770748,0.795335527231143,1.55843281920875,0,0
"Salinispora",0,0,0,0,0,0
"Salipiger",0,0.454764246770748,0,0,0,0
"Salmonella",0,0,3.97667763615571,0,24.7859847882067,43.2387602101324
"Sanguibacter",0,0,0,0,0,0
"Saprospira",0,0,0,0,0,0
"Scardovia",0,0.454764246770748,0,0,0,0
"Schistosoma",0,0,1.59067105446229,0,0,2.16193801050662
"Schizophyllum",0,0,2.38600658169343,0,0,0
"Schizosaccharomyces",0,0,0,0,0,0
"Sclerotinia",0,1.81905698708299,0,0,0,0
"X.Sclerotiniaceae.",0,28.1953832997864,20.6787237080097,0,16.958831697194,1.08096900525331
"Sebaldella",0,0,0.795335527231143,0,0,1.08096900525331
"Segniliparus",0,0,0,0,0,0
"X.Selenomonadales.",0,0,0,0,0,0
"Selenomonas",0,0,0,0,0,0
"Serinicoccus",0,0,0,0,0,0
"Serpula",0,0,0.795335527231143,0,0,0
"Serratia",0,5.45717096124898,6.36268421784914,51.4282830338888,127.84350048654,44.3197292153857
"Setosphaeria",0,10.0048134289565,10.3393618540049,0,7.82715309101263,7.56678303677316
"Shewanella",0,9.55004918218571,11.9300329084671,0,0,11.8906590577864
"Shigella",0,0.454764246770748,0,0,2.60905103033754,0
"Shimwellia",0,0,0,0,0,0
"Shinella",0,0.909528493541496,0,0,0,0
"Shuttleworthia",0,0,0,0,0,0
"Sideroxydans",0,0,0,0,0,0
"Simiduia",0,0.454764246770748,0,0,0,0
"Simkania",0,0,0,0,0,0
"Singulisphaera",0,0,0,0,0,11.8906590577864
"Sinorhizobium",0,0,2.38600658169343,0,0,0
"X.Siphoviridae.",0,1.36429274031224,0,0,0,0
"Skeletonema",0,0.454764246770748,0,0,0,0
"Skermanella",0,11.3691061692687,23.8600658169343,0,0,3.24290701575993
"Slackia",0,0,0,0,0,0
"Smithella",0,0,0,0,0,0
"Snodgrassella",9.50574619489651,3.63811397416598,176.564487045314,311.68656384175,16.958831697194,54.0484502626655
"Sodalis",0,0,0,0,5.21810206067509,7.56678303677316
"Solenopsis",0,0,0,0,0,2.16193801050662
"Solibacillus",0,0.454764246770748,0,0,0,3.24290701575993
"X.Solirubrobacterales.",0,0,0,0,0,0
"Solitalea",0,1.36429274031224,0.795335527231143,0,0,0
"Solobacterium",0,0,0,0,0,0
"Sorangium",0,3.63811397416598,0,0,0,0
"Sordaria",0,0,0,0,0,1.08096900525331
"X.Sordariaceae.",0,0,0,0,0,0
"X.Sordariales.",0,1.81905698708299,0.795335527231143,0,0,1.08096900525331
"X.Sordariomycetes.",0,31.8334972739524,7.95335527231143,0,0,22.7003491103195
"Spathaspora",0,0,0,0,0,0
"Sphaerobacter",0,2.27382123385374,0,0,0,0
"X.Sphaerobacteraceae.",0,0.909528493541496,0.795335527231143,0,0,1.08096900525331
"Sphaerochaeta",0,0,0,0,0,0
"Sphaerotilus",0,0,0,0,0,0
"Sphaerulina",0,7.27622794833197,6.36268421784914,0,0,4.32387602101324
"X.Sphingobacteriaceae.",0,5.91193520801972,16.702046071854,0,0,0
"X.Sphingobacteriales.",0,40.4740179625966,1.59067105446229,0,0,0
"X.Sphingobacteriia.",0,0,0,0,0,0
"Sphingobacterium",0,4.09287822093673,0.795335527231143,0,0,0
"Sphingobium",0,3.63811397416598,32.6087566164769,0,0,0
"X.Sphingomonadaceae.",0,86.8599711332129,795.335527231143,0,0,82.1536443992515
"X.Sphingomonadales.",0,45.0216604303041,85.8962369409634,0,0,29.1861631418393
"Sphingomonas",0,39.5644894690551,1154.82718553962,0,0,35.6719771733592
"Sphingopyxis",0,0,1.59067105446229,0,0,0
"Spiribacter",0,0,0,0,0,0
"Spirochaeta",0,0,0,0,0,0
"X.Spirochaetaceae.",0,0,0,0,0,0
"Spiroplasma",0,0,0,0,0,0
"Spirosoma",0,10.914341922498,6.36268421784914,0,1.30452551516877,3.24290701575993
"X.Spirotrichea.",0,0,0,0,0,0
"Spizellomyces",0,0.454764246770748,0,0,0,0
"X.Sporidiobolales.",0,0,0,0,0,0
"Sporisorium",0,0.909528493541496,0,0,0,0
"Sporolactobacillus",0,0.909528493541496,0,0,0,0
"Sporomusa",0,0,1.59067105446229,0,0,0
"Sporosarcina",0,0,1.59067105446229,0,0,0
"Sporothrix",0,0,0,0,0,2.16193801050662
"Stackebrandtia",0,0,0,0,0,0
"Stanieria",0,1.81905698708299,0,0,0,0
"X.Staphylococcaceae.",0,0.909528493541496,0,0,7.82715309101263,0
"Staphylococcus",0,7.73099219510272,0,0,15.6543061820253,0
"Starkeya",0,0.454764246770748,0.795335527231143,0,0,0
"Stenotrophomonas",0,4.54764246770748,173.383144936389,4.67529845762625,0,0
"Stereum",0,0.454764246770748,1.59067105446229,0,0,2.16193801050662
"Stigmatella",0,0,0,0,0,0
"Stomatobaculum",0,0,0,0,0,0
"Streptoalloteichus",0,0,0,0,0,0
"X.Streptococcaceae.",0,1.36429274031224,0,0,0,10.8096900525331
"Streptococcus",0,0,0,0,0,0
"Streptomyces",0,0,0,0,0,0
"X.Streptomycetaceae.",0,0,0,0,0,3.24290701575993
"X.Streptosporangiaceae.",0,0.454764246770748,0,0,0,2.16193801050662
"Streptosporangium",0,0,0,0,0,1.08096900525331
"Strigamia",0,0,0,1.55843281920875,0,0
"Strigomonas",0,0,0.795335527231143,0,0,0
"Strongylocentrotus",0,0.454764246770748,0.795335527231143,0,0,12.9716280630397
"Subdoligranulum",0,0,0,0,0,0
"Succinatimonas",0,0,0,0,1.30452551516877,0
"Sulfobacillus",0,0,0,0,0,0
"Sulfolobus",0,0,0,0,0,0
"Sulfuricella",0,0,0,0,0,0
"Sulfurihydrogenibium",0,0,0,0,0,0
"Sulfurimonas",0,0,0,0,0,0
"Sulfuritalea",0,0,0,0,0,0
"Sulfurospirillum",0,0,0,0,0,1.08096900525331
"Sulfurovum",0,0,0,0,0,0
"Sutterella",0,0.454764246770748,0,0,0,1.08096900525331
"X.Sutterellaceae.",0,0,0,0,0,0
"Symbiobacterium",0,0,0.795335527231143,0,0,0
"Synechococcus",4.75287309744825,1.36429274031224,1.59067105446229,3.1168656384175,2.60905103033754,4.32387602101324
"Synechocystis",0,0.454764246770748,0,0,0,0
"X.Synergistaceae.",0,0,0,0,0,0
"Synergistes",0,0,0,0,0,0
"X.Syntrophaceae.",0,0,0,0,0,0
"Syntrophobacter",0,0,0,0,0,0
"Syntrophobotulus",0,0,0.795335527231143,0,0,0
"Syntrophomonas",0,0,0,0,0,0
"Syntrophothermus",0,0,0,0,0,0
"Syntrophus",0,0,0,0,0,0
"T4likevirus",0,0,0,0,1.30452551516877,0
"T5likevirus",0,0,0,0,0,0
"T7likevirus",0,0,0,3.1168656384175,0,0
"Talaromyces",0,0,0,0,0,0
"Tannerella",0,0,0,0,0,0
"Taphrina",0,1.36429274031224,0.795335527231143,1.55843281920875,3.91357654550631,0
"Tatumella",0,0,0,0,0,0
"Taylorella",0,0,0,0,0,0
"X.Tephritidae.",0,0,0,0,0,5.40484502626655
"Tepidanaerobacter",0,0.454764246770748,0,0,0,0
"Teredinibacter",0,0,0.795335527231143,0,1.30452551516877,1.08096900525331
"Terriglobus",0,0.909528493541496,0,0,0,0
"Tetragenococcus",0,0,0,0,0,0
"Tetrahymena",0,0,0,0,0,1.08096900525331
"X.Tetranychidae.",0,0,0,0,0,0
"Tetranychus",0,1.81905698708299,1.59067105446229,6.233731276835,0,3.24290701575993
"Tetrasphaera",0,5.91193520801972,0,0,0,0
"Thalassiosira",4.75287309744825,6.82146370156122,1.59067105446229,3.1168656384175,7.82715309101263,5.40484502626655
"Thalassobacter",0,0,0.795335527231143,0,0,0
"Thalassobium",0,0,0,0,0,0
"Thalassolituus",0,0,0.795335527231143,0,0,1.08096900525331
"Thalassospira",0,0,0,0,0,1.08096900525331
"Thauera",0,0.454764246770748,0,0,0,0
"X.Thaumarchaeota.",0,0,0,0,0,0
"X.Thermaceae.",0,0,0,0,0,0
"Thermacetogenium",0,0,0,0,0,1.08096900525331
"Thermaerobacter",0,0,0,0,0,0
"Thermanaerovibrio",0,0,0,0,0,0
"Thermincola",0,0,0,0,0,0
"Thermoanaerobacter",0,0,0.795335527231143,0,0,0
"X.Thermoanaerobacterales.",0,0,0,0,0,0
"X.Thermoanaerobacterales_Family_III._Incertae_Sedis.",0,0,0,0,0,0
"Thermoanaerobacterium",0,0,0,0,0,0
"Thermobacillus",0,0,0,0,0,0
"Thermobaculum",0,0.454764246770748,0.795335527231143,0,0,0
"Thermobifida",0,1.36429274031224,0.795335527231143,1.55843281920875,2.60905103033754,0
"Thermobispora",0,0.909528493541496,0,0,1.30452551516877,1.08096900525331
"Thermobrachium",0,0,0,0,0,0
"Thermococcus",0,0,0,0,0,0
"Thermodesulfatator",0,0.454764246770748,0.795335527231143,0,1.30452551516877,0
"Thermodesulfobacterium",0,0,0,0,0,0
"Thermodesulfobium",0,0,0,0,0,0
"Thermodesulfovibrio",0,0,0,0,0,1.08096900525331
"X.Thermomicrobia.",0,0,0,0,0,3.24290701575993
"Thermomicrobium",0,0,0,0,0,3.24290701575993
"Thermomonospora",0,0,0,0,0,0
"Thermoplasma",0,0,0,0,0,0
"X.Thermoplasmatales.",0,0,0,0,0,0
"X.Thermoprotei.",0,0,0,0,0,0
"Thermosediminibacter",0,0,0,0,0,0
"Thermosinus",0,0,0.795335527231143,0,0,0
"Thermosipho",0,0,0,0,0,0
"Thermosynechococcus",0,0,0,0,0,0
"Thermotoga",0,0,0,0,0,0
"X.Thermotogaceae.",0,0,0,0,0,0
"X.Thermotogales.",0,0,0,0,0,1.08096900525331
"Thermovibrio",0,0,0,0,0,0
"Thermovirga",0,0,0.795335527231143,0,0,0
"Thermus",0,0,0,0,0,0
"Thielavia",0,1.36429274031224,0,0,0,0
"Thioalkalimicrobium",0,0,0,0,0,0
"Thioalkalivibrio",0,0,0,0,0,0
"Thiobacillus",0,0,0,0,0,1.08096900525331
"Thiocapsa",0,0,0,0,0,0
"Thiocystis",0,0.454764246770748,0.795335527231143,0,0,0
"Thioflavicoccus",0,0.454764246770748,0,0,0,0
"Thiohalocapsa",0,0,0,0,0,0
"Thiomicrospira",0,0,0.795335527231143,0,0,0
"Thiomonas",0,0.909528493541496,1.59067105446229,0,0,1.08096900525331
"Thiorhodococcus",0,0,0,0,0,0
"Thiorhodospira",0,0,0,0,0,0
"Thiorhodovibrio",0,0.454764246770748,0,0,0,0
"Thiothrix",0,0,0,0,0,0
"X.Thripidae.",0,0,0,3.1168656384175,0,0
"Tistrella",0,0.454764246770748,0,0,0,0
"Togninia",0,0.909528493541496,0,0,0,0
"Tolumonas",0,0,0,0,0,0
"Torulaspora",0,0,0,0,0,0
"Trametes",0,0,0,0,0,1.08096900525331
"Tremella",0,0.454764246770748,7.15801974508029,0,2.60905103033754,4.32387602101324
"X.Tremellaceae.",4.75287309744825,0,8.74869079954257,0,0,0
"X.Tremellales.",0,3.63811397416598,49.3108026883309,7.79216409604375,7.82715309101263,8.64775204202647
"X.Tremellomycetes.",0,0,0.795335527231143,0,0,0
"Treponema",0,0,0,0,0,0
"Triatoma",0,0,0,0,0,7.56678303677316
"Tribolium",0,0.454764246770748,0,1.55843281920875,2.60905103033754,130.79724963565
"Trichinella",4.75287309744825,0,0,0,0,0
"Trichoderma",0,7.73099219510272,1.59067105446229,0,5.21810206067509,5.40484502626655
"Trichodesmium",0,0,1.59067105446229,0,0,0
"Trichophyton",0,0.909528493541496,0.795335527231143,0,0,1.08096900525331
"Trichoplax",0,0,0,0,0,0
"Trichormus",0,0.454764246770748,0.795335527231143,0,0,0
"Trichosporon",9.50574619489651,1.81905698708299,35.7900987254014,1.55843281920875,7.82715309101263,7.56678303677316
"Truepera",0,3.63811397416598,3.18134210892457,0,0,1.08096900525331
"Trueperella",0,0,0,0,0,1.08096900525331
"Trypanosoma",0,0,0,0,0,0
"X.Trypanosomatidae.",28.5172385846895,0,4.77201316338686,26.4933579265488,16.958831697194,1.08096900525331
"Tsukamurella",0,0.454764246770748,0,0,0,0
"Tuber",0,0.454764246770748,0,0,0,1.08096900525331
"Turbinellus",0,0.454764246770748,0,0,0,0
"Turicella",0,0,0,0,0,0
"Turicibacter",0,0,0,0,0,0
"Turneriella",0,0,0,0,0,0
"Twortlikevirus",0,0,0,0,1.30452551516877,0
"Tyzzerella",0,0,0,0,0,0
"Uncinocarpus",0,0,0.795335527231143,0,0,0
"Unknown",0,25505.4527801374,23955.506080202,0,14489.3648969795,26616.6998163522
"Usnea",0,0,0.795335527231143,0,0,0
"X.Ustilaginaceae.",33.2701116821378,25.9215620659326,19.0880526535474,7.79216409604375,23.4814592730379,20.5384110998129
"Ustilago",9.50574619489651,6.82146370156122,7.15801974508029,10.9090297344613,5.21810206067509,10.8096900525331
"Vagococcus",0,0,0,0,0,0
"Vanderwaltozyma",0,0,0,0,0,0
"Varibaculum",0,0,0,0,0,0
"Variovorax",0,2.27382123385374,0,0,0,0
"Veillonella",0,0,0,0,0,0
"X.Veillonellaceae.",0,0.454764246770748,0,0,0,0
"Venturia",0,0.454764246770748,0,0,0,0
"Vermamoeba",0,0,0,0,0,0
"Verminephrobacter",0,0,0,0,0,0
"X.Verrucomicrobia.",0,0,0,0,0,0
"X.Verrucomicrobiaceae.",0,0,0,0,0,0
"X.Verrucomicrobiales.",0,0,0,0,0,0
"Verrucosispora",0,0,0,0,0,0
"Verticillium",0,2.72858548062449,0.795335527231143,0,1.30452551516877,0
"Vibrio",0,3.18334972739524,4.77201316338686,1.55843281920875,6.52262757584386,3.24290701575993
"X.Vibrionaceae.",0,0,0,0,0,0
"X.Vibrionales.",0,0,1.59067105446229,1.55843281920875,0,0
"Virgibacillus",0,0.454764246770748,1.59067105446229,1.55843281920875,1.30452551516877,1.08096900525331
"Viridibacillus",0,0,0,0,0,0
"X.Viruses.",0,166.443714318094,0,1.55843281920875,0,4.32387602101324
"Waddlia",0,0,0,0,0,0
"Wallemia",0,0,0,0,0,0
"Weeksella",0,0.909528493541496,2.38600658169343,0,0,0
"Weissella",0,3.18334972739524,1.59067105446229,0,0,0
"Wickerhamomyces",0,0,0.795335527231143,0,0,0
"Wigglesworthia",0,0,0,0,0,1.08096900525331
"Williamsia",0,18.6453341176007,10.3393618540049,1.55843281920875,9.1316786061814,6.48581403151986
"Winogradskyella",0,0,0,0,0,0
"Wohlfahrtiimonas",0,0,1.59067105446229,0,0,0
"Wolbachia",0,0,7.15801974508029,0,0,0
"Wuchereria",0,0,0.795335527231143,0,0,0
"Xanthobacter",0,1.36429274031224,4.77201316338686,0,0,0
"X.Xanthobacteraceae.",0,0,0,0,0,0
"X.Xanthomonadaceae.",0,26.3763263127034,106.574960648973,0,0,0
"X.Xanthomonadales.",0,0,0,0,0,0
"Xanthomonas",0,0,0,0,0,0
"Xenococcus",0,0.454764246770748,0,0,0,0
"Xenorhabdus",0,3.18334972739524,3.97667763615571,1.55843281920875,9.1316786061814,2.16193801050662
"Xylanimonas",0,0,0.795335527231143,0,0,0
"X.Xylariales.",0,0.909528493541496,0,0,1.30452551516877,0
"Xylella",0,0,0,0,0,0
"Yarrowia",0,1.36429274031224,0,0,0,0
"Yersinia",0,2.72858548062449,4.77201316338686,3.1168656384175,44.3538675157382,10.8096900525331
"Yokenella",0,0,1.59067105446229,0,2.60905103033754,3.24290701575993
"Youngiibacter",0,0,0.795335527231143,0,1.30452551516877,0
"Zancudomyces",0,0,0,0,0,0
"Zhouia",0,0,0,0,0,0
"Zobellia",0,0.454764246770748,0,0,0,0
"Zunongwangia",0,2.27382123385374,0,0,0,1.08096900525331
"Zygosaccharomyces",0,0,0,0,0,0
"Zymomonas",0,0,0,0,0,0
"Zymoseptoria",0,17.2810413772884,9.54402632677372,6.233731276835,5.21810206067509,4.32387602101324
