"rows.list[[i]]","PHYLLO10","PHYLLO15","PHYLLO23","PHYLLO16","PHYLLO24","PHYLLO25"
"Abiotrophia",0,1.87734646956223,1.33042203914512,0,0,0.562259340461515
"Acanthamoeba",0,0,0,0,0,0
"Acaryochloris",0,0,0,0,0,0
"Acetobacter",0,0,0.443474013048373,1.28348949847249,2.99962158975951,0.562259340461515
"X.Acetobacteraceae.",0,0,3.54779210438699,5.13395799388994,0,2.24903736184606
"Acetohalobium",0,0,0,0,0,0
"Acetonema",0,0,0,0,0,0.562259340461515
"X.Acetothermia.",0,0,0,0,0,0
"Acholeplasma",0,1.87734646956223,0,0,0,0
"Achromobacter",0,0,0,0,0,0
"X.Acidaminococcaceae.",0,0,0,1.28348949847249,0,0
"Acidaminococcus",3.11168148669197,0,0.443474013048373,0,0,0.562259340461515
"Acidianus",0,0,0,0,0,0
"Acidilobus",0,0,0,0,0,0
"X.Acidimicrobiaceae.",0,0,0,0,0,0
"Acidimicrobium",0,0,0,0,0,0
"Acidiphilium",0,0,0,0,0,1.12451868092303
"Acidithiobacillus",0,0,1.77389605219349,0,0,0
"X.Acidobacteria.",0,0,0,0,0,0
"X.Acidobacteriaceae.",0,0,0,0,0,0
"X.Acidobacteriales.",0,0,0,0,0,0
"Acidobacterium",0,0,0,0,0,0
"Acidocella",0,0,0,0,0,0
"Acidomonas",0,0,0,0,0,0
"Acidothermus",0,0,0,0,0,0
"Acidovorax",3379.28609454748,0,3713.20791125403,25.6697899694497,3503.5580168391,1294.88326108287
"Acinetobacter",4415.4760296159,10385.4806696183,8836.21970998884,6757.57220945764,8719.89996143089,5921.15311440022
"Acremonium",0,0,0,0,0,0
"Acromyrmex",0,0,0,0,0,0
"Acropora",0,0,0,0,0,0
"Actibacterium",0,0,0.443474013048373,0,0,0
"Actinobacillus",0,0,0.443474013048373,0,0,0
"X.Actinobacteria.",0,9.38673234781116,133.042203914512,107.813117871689,0,122.010276880149
"Actinobaculum",0,0,0,0,0,0
"Actinokineospora",0,0,0,0,0,0
"Actinomyces",0,0,1.77389605219349,0,0,0
"X.Actinomycetaceae.",0,3.75469293912446,5.32168815658048,0,0,2.24903736184606
"X.Actinomycetales.",0,608.260256138163,1473.66414535974,948.498739371167,0,1472.55721266871
"Actinoplanes",0,0,22.1737006524187,0,0,11.8074461496918
"Actinosynnema",0,0,0,1.28348949847249,0,0
"Actinotalea",0,0,1.33042203914512,6.41744749236243,0,1.12451868092303
"Acyrthosiphon",0,0,3.54779210438699,3.85046849541746,2.99962158975951,2.24903736184606
"X.Adenoviridae.",0,0,0,0,0,0
"Adineta",0,0,0,1.28348949847249,0,0
"Adlercreutzia",0,0,0,0,0,0.562259340461515
"Advenella",0,0,0.886948026096747,0,0,1.12451868092303
"Aedes",0,0,0.443474013048373,0,0,0
"Aequorivita",0,0,2.21737006524187,6.41744749236243,0,1.12451868092303
"X.Aerococcaceae.",0,1.87734646956223,0,0,0,0.562259340461515
"Aerococcus",0,13.1414252869356,6.6521101957256,7.70093699083491,0,5.62259340461515
"Aeromicrobium",0,0,0,0,0,0.562259340461515
"X.Aeromonadales.",0,1.87734646956223,0,0,0,0
"Aeromonas",0,0,0.886948026096747,0,0,0.562259340461515
"Afipia",0,0,0,0,0,0
"X.Agaricales.",0,0,0,0,0,1.12451868092303
"X.Agaricomycetes.",0,7.50938587824892,3.54779210438699,6.41744749236243,0,2.24903736184606
"Agaricus",0,0,0,0,0,0
"Agarivorans",0,0,0,0,0,0
"Aggregatibacter",0,0,0.443474013048373,0,0,0
"Agrius",0,0,0,0,0,0
"Agrobacterium",6.22336297338394,5.63203940868669,32.8170769655796,2.56697899694497,0,2.81129670230758
"Agrococcus",0,1.87734646956223,6.20863618267723,42.355153449592,0,14.0564835115379
"Agrotis",0,0,0,0,0,0
"Ahjdlikevirus",0,0,0,0,0,0.562259340461515
"Ahrensia",0,0,0,0,0,0.562259340461515
"Ajellomyces",0,7.50938587824892,4.87821414353211,1.28348949847249,0,1.68677802138455
"Akkermansia",0,1.87734646956223,0.886948026096747,0,0,0.562259340461515
"Albugo",0,0,0.443474013048373,0,0,2.81129670230758
"X.Alcaligenaceae.",0,0,0,0,0,0
"Alcaligenes",0,0,1.77389605219349,0,0,0
"Alcanivorax",0,0,0,0,2.99962158975951,1.12451868092303
"Algoriphagus",3.11168148669197,0,0.443474013048373,2.56697899694497,0,3.93581538323061
"Alicycliphilus",21.7817704068438,0,30.1562328872894,0,11.998486359038,7.87163076646122
"X.Alicyclobacillaceae.",0,0,0,1.28348949847249,0,0
"Alicyclobacillus",0,0,0,0,0,0
"Aliivibrio",0,0,0,0,0,0
"Alishewanella",0,0,0,1.28348949847249,0,0.562259340461515
"Alistipes",0,11.2640788173734,15.9650644697414,5.13395799388994,17.997729538557,15.1810021924609
"Alkalibacterium",6.22336297338394,18.7734646956223,11.0868503262093,1.28348949847249,11.998486359038,5.62259340461515
"Alkalilimnicola",0,0,0,0,0,0.562259340461515
"Alkalimonas",0,0,0,0,0,0.562259340461515
"Alkaliphilus",0,0,1.33042203914512,0,0,2.81129670230758
"Allochromatium",0,0,1.33042203914512,0,0,0.562259340461515
"Alloiococcus",3.11168148669197,5.63203940868669,1.77389605219349,0,2.99962158975951,5.06033406415364
"Alloprevotella",0,0,0,0,0,0
"Alloscardovia",0,0,0,0,0,0
"X.Alphaproteobacteria.",0,321.026246295142,553.899042297418,577.570274312618,395.950049848255,675.27346789428
"Alternaria",0,7.50938587824892,16.4085384827898,7.70093699083491,2.99962158975951,8.43389010692273
"X.Alteromonadaceae.",0,0,0,0,0,0.562259340461515
"X.Alteromonadales.",0,0,1.33042203914512,3.85046849541746,0,2.24903736184606
"Alteromonas",0,0,0,0,0,0
"Amblyomma",0,0,0,0,0,0
"Aminobacterium",0,0,0,0,0,0
"Aminomonas",0,0,0.443474013048373,0,0,0
"Ammonifex",0,0,0,0,0,0
"X.Amoebophilaceae.",0,0,0,0,0,0
"Amphibacillus",0,5.63203940868669,7.09558420877397,0,11.998486359038,2.81129670230758
"Amphimedon",0,1.87734646956223,0.886948026096747,0,0,0
"Amycolatopsis",0,0,0,0,0,0
"Amycolicicoccus",0,0,1.77389605219349,1.28348949847249,0,1.12451868092303
"Anabaena",0,1.87734646956223,0.886948026096747,0,0,0
"Anaerobaculum",0,1.87734646956223,0,0,0,0
"Anaerococcus",0,0,0.443474013048373,0,2.99962158975951,1.12451868092303
"Anaerofustis",0,0,0,0,0,0.562259340461515
"Anaeroglobus",0,0,0,0,0,0
"Anaerolinea",0,0,0.886948026096747,1.28348949847249,0,3.37355604276909
"Anaeromyxobacter",0,0,1.33042203914512,1.28348949847249,0,0.562259340461515
"Anaerostipes",0,0,0,0,2.99962158975951,1.12451868092303
"Anaerotruncus",0,1.87734646956223,2.66084407829024,0,0,0
"Anaplasma",0,0,0,0,0,0
"X.Anaplasmataceae.",0,0,0,0,2.99962158975951,0
"Aneurinibacillus",0,0,0,0,0,0
"Angomonas",0,0,0,0,0,0
"Annulohypoxylon",0,0,0,0,0,0
"Anopheles",0,0,0.886948026096747,0,0,2.24903736184606
"Anoplophora",0,0,0,0,0,0
"Anoxybacillus",0,0,0,0,0,0
"Aphanomyces",0,0,0,0,2.99962158975951,0
"X.Aphididae.",0,0,0,1.28348949847249,0,0
"Aphrocallistes",0,0,0.443474013048373,0,0,0
"X.Apicomplexa.",0,0,0,0,0,0
"Apis",0,0,0.886948026096747,0,0,0
"Aquabacterium",0,0,0,0,0,0
"Aquamicrobium",0,0,0,0,0,0
"Aquifex",0,0,0,0,0,0
"X.Aquificaceae.",0,0,0,0,0,0
"X.Aquificae.",0,0,0,0,0,0.562259340461515
"X.Aquificales.",0,0,0,0,0,0
"Aquimarina",3.11168148669197,1.87734646956223,0.886948026096747,0,0,1.12451868092303
"X.Arachnida.",0,0,0,0,26.9965943078356,0
"X.Araneae.",0,0,0,0,2.99962158975951,0
"Arcanobacterium",0,0,0.443474013048373,0,0,0.562259340461515
"X.Archaea.",0,26.2828505738712,16.8520124958382,14.1183844831973,0,14.6187428519994
"Archaeoglobus",0,0,0.443474013048373,0,0,0
"Archiearis",0,0,0,0,0,0
"Arcobacter",0,0,0,0,0,0
"Arcticibacter",34.2284963536117,5.63203940868669,13.3042203914512,21.8193214740323,5.99924317951901,16.3055208733839
"X.Armatimonadetes.",0,0,0,0,0,0
"Aromatoleum",0,0,0,0,2.99962158975951,0.562259340461515
"Arsenophonus",0,0,0.443474013048373,0,0,0
"Arthrobacter",0,107.008748765047,211.537104224074,323.439353615066,32.9958374873546,418.883208643829
"Arthroderma",0,0,1.33042203914512,0,0,0
"X.Arthrodermataceae.",0,0,0,0,0,0
"X.Arthropoda.",6.22336297338394,0,3.99126611743536,0,92.9882692825447,3.93581538323061
"Arthrospira",0,0,0,0,0,0.562259340461515
"Asaia",0,1.87734646956223,0,0,8.99886476927852,0
"X.Ascomycota.",0,1317.89722163269,1752.60929956717,854.804005982676,644.918641798294,1667.66120380885
"X.Aspergillaceae.",0,0,0,0,0,0.562259340461515
"Aspergillus",0,0,0,0,0,0
"Asticcacaulis",0,0,0.886948026096747,0,0,2.81129670230758
"Atopobium",0,0,0.443474013048373,0,0,2.24903736184606
"Atta",0,0,0,0,0,0
"X.Aurantimonadaceae.",0,1.87734646956223,0,0,0,0
"Aurantimonas",0,0,0,1.28348949847249,0,0
"Aureobasidium",0,0,0,0,0,0
"Aureococcus",0,0,0,0,0,0
"Austwickia",0,0,0.443474013048373,1.28348949847249,0,0
"Avibacterium",0,0,0,0,0,0
"Azoarcus",0,0,0.443474013048373,0,0,0
"Azohydromonas",0,0,0,0,0,0
"Azorhizobium",0,1.87734646956223,1.33042203914512,0,0,1.68677802138455
"Azospira",0,0,0,0,0,0
"Azospirillum",0,0,5.76516216962886,12.8348949847249,0,7.87163076646122
"Azotobacter",0,0,0,0,0,1.12451868092303
"X.Bacillaceae.",0,48.811008208618,40.7996092004504,0,0,37.10911647046
"X.Bacillales.",0,90.1126305389871,152.998534501689,169.420613798368,0,315.42748999891
"X.Bacillariophyceae.",0,0,0,0,0,0
"X.Bacillariophyta.",0,0,0,0,0,0
"X.Bacilli.",3.11168148669197,486.232735616618,100.225126948932,56.4735379327894,0,102.331199963996
"Bacillus",0,0,43.4604532787406,0,0,35.4223384490755
"X.Bacteria.",0,1060.70075530266,3630.27827081398,1732.71082293786,746.905775850117,2800.05151549835
"Bacteriovorax",0,1.87734646956223,7.98253223487072,10.2679159877799,0,2.81129670230758
"X.Bacteroidales.",31.1168148669197,144.555678156292,139.694314110238,29.5202584648672,56.9928102054306,162.492949393378
"Bacteroides",34.2284963536117,69.4618193738026,66.0776279442076,39.7881744526471,32.9958374873546,69.7201582172279
"X.Bacteroidetes.",2165.73031473761,525.657011477425,2754.41709504345,2239.68917483449,107.986377231342,1676.09509391578
"Bactrocera",0,0,0,0,0,0
"Badnavirus",0,0,0,0,0,0
"Barnesiella",3.11168148669197,0,0,0,0,0.562259340461515
"Bartonella",0,37.5469293912446,9.31295427401584,42.355153449592,2.99962158975951,17.9922988947685
"Basfia",0,0,0,0,0,0
"X.Basidiomycota.",0,0,13.7476944044996,6.41744749236243,0,21.3658549375376
"Batrachochytrium",0,1.87734646956223,0.443474013048373,0,0,0.562259340461515
"Baudoinia",0,0,13.7476944044996,14.1183844831973,8.99886476927852,16.3055208733839
"Bdellovibrio",0,0,12.8607463784028,12.8348949847249,0,13.4942241710764
"X.Bdellovibrionales.",0,0,2.21737006524187,1.28348949847249,0,1.68677802138455
"Beauveria",0,0,0,0,0,0
"Beenakia",0,0,0,0,0,0
"Beggiatoa",0,0,1.77389605219349,1.28348949847249,2.99962158975951,1.12451868092303
"Beijerinckia",0,0,0,0,0,0
"X.Beijerinckiaceae.",0,0,0,0,0,0
"Belliella",0,3.75469293912446,1.33042203914512,2.56697899694497,0,2.24903736184606
"Bergeyella",0,0,2.66084407829024,0,0,0
"Bermanella",0,0,0,0,0,0
"X.Betaproteobacteria.",0,0,776.522996847702,0,116.985242000621,287.876782316296
"Beutenbergia",0,0,2.21737006524187,0,0,0
"Bhargavaea",0,3.75469293912446,4.87821414353211,0,0,3.37355604276909
"Bibersteinia",0,0,0.443474013048373,0,0,0
"X.Bifidobacteriaceae.",0,0,0,0,0,0.562259340461515
"Bifidobacterium",0,0,3.10431809133861,0,0,1.68677802138455
"Bilophila",0,0,0,0,0,0
"Bipolaris",9.33504446007591,127.659559930232,135.259573979754,51.3395799388994,59.9924317951901,139.440316434456
"Bizionia",0,0,0.886948026096747,1.28348949847249,0,0
"Blastococcus",0,0,7.53905822182235,2.56697899694497,0,6.74711208553818
"Blastomonas",0,0,6.20863618267723,0,0,0
"Blastopirellula",0,0,0,0,0,0
"Blattabacterium",0,0,0,2.56697899694497,0,0
"Blautia",0,1.87734646956223,2.21737006524187,0,0,1.68677802138455
"Blumeria",0,0,0,0,0,0.562259340461515
"Bombyx",0,0,0.443474013048373,0,0,0
"Bordetella",0,0,5.76516216962886,0,0,0
"Borrelia",0,0,0.443474013048373,0,0,0
"X.Botryosphaeriaceae.",0,0,0,0,0,2.81129670230758
"Botrytis",0,0,1.33042203914512,0,0,0
"Brachybacterium",0,11.2640788173734,24.8345447307089,12.8348949847249,11.998486359038,8.99614944738425
"Brachyspira",0,1.87734646956223,0,0,0,1.12451868092303
"X.Bradyrhizobiaceae.",0,0,0,0,0,0
"Bradyrhizobium",0,0,0,0,0,0
"Brahmaea",0,0,0,0,0,0
"Brenneria",0,0,0.886948026096747,2.56697899694497,0,0
"Brevibacillus",0,0,1.33042203914512,1.28348949847249,0,0
"Brevibacterium",0,0,3.99126611743536,1.28348949847249,0,2.81129670230758
"Brevundimonas",0,9.38673234781116,6.6521101957256,11.5514054862524,0,11.2451868092303
"Brochothrix",0,0,0,0,0,0
"Brucella",0,0,0,0,0,0
"X.Brucellaceae.",0,0,0,0,0,0
"Buchnera",0,0,0,0,0,0
"Burkholderia",0,0,0,0,0,0
"X.Burkholderiaceae.",0,0,0,0,0,0
"X.Burkholderiales.",737.468512345997,0,2471.03720070554,0,1067.86528595438,769.170777751353
"Butyricicoccus",0,0,0,0,0,0
"Butyrivibrio",0,3.75469293912446,0,1.28348949847249,0,0.562259340461515
"Byssochlamys",0,0,0.886948026096747,0,0,0.562259340461515
"Caenispirillum",0,0,0,0,0,0
"Caenorhabditis",0,3.75469293912446,3.54779210438699,0,2.99962158975951,0
"Caldalkalibacillus",0,0,0.443474013048373,1.28348949847249,0,0
"Caldanaerobacter",0,0,0,0,0,0
"Caldicellulosiruptor",0,1.87734646956223,0,0,0,0
"Caldilinea",0,0,3.10431809133861,0,0,0
"Calditerrivibrio",0,0,0,0,0,0
"Caldithrix",0,0,0,0,0,0
"Caligus",0,0,0,0,0,0
"Caloramator",0,0,0.443474013048373,0,0,0
"Calothrix",0,1.87734646956223,1.33042203914512,2.56697899694497,2.99962158975951,0.562259340461515
"Camponotus",0,0,0,0,2.99962158975951,0
"Campylobacter",0,0,0.886948026096747,0,0,0.562259340461515
"X.Campylobacteraceae.",0,0,0,0,0,0
"X.Campylobacterales.",0,0,0,0,0,1.12451868092303
"Candida",0,0,0,0,0,1.68677802138455
"Candidatus_Accumulibacter",0,0,8.86948026096747,0,0,0
"Candidatus_Acetothermum",0,0,0,0,0,0.562259340461515
"Candidatus_Actinomarina",0,0,0,0,0,0
"Candidatus_Amoebophilus",0,0,0,1.28348949847249,0,0
"Candidatus_Aquiluna",0,0,0,0,0,0
"Candidatus_Arthromitus",0,0,0,1.28348949847249,0,0
"Candidatus_Atelocyanobacterium",0,0,0,0,0,0
"Candidatus_Azobacteroides",0,0,0,0,0,0
"Candidatus_Caldiarchaeum",0,0,0,0,0,0
"Candidatus_Cardinium",0,0,0,0,0,0
"Candidatus_Chloracidobacterium",0,0,3.10431809133861,1.28348949847249,0,7.87163076646122
"Candidatus_Cloacimonas",0,0,0,0,0,0.562259340461515
"Candidatus_Competibacter",0,0,0.886948026096747,0,0,0.562259340461515
"Candidatus_Contendobacter",0,1.87734646956223,0.886948026096747,0,0,0
"Candidatus_Desulforudis",0,0,0,0,0,0.562259340461515
"Candidatus_Endolissoclinum",0,0,0,0,0,0
"Candidatus_Entotheonella",0,0,3.54779210438699,0,0,2.24903736184606
"Candidatus_Glomeribacter",0,0,0,0,0,0
"Candidatus_Hamiltonella",0,0,0,0,0,0
"Candidatus_Ishikawaella",0,0,0,0,0,0
"Candidatus_Koribacter",0,0,0,0,0,0
"Candidatus_Kuenenia",0,0,0,0,0,0
"Candidatus_Methylomirabilis",0,0,0,0,0,0
"Candidatus_Micrarchaeum",0,0,0,0,0,0
"Candidatus_Microthrix",0,0,0,0,0,0
"Candidatus_Midichloria",0,0,0,0,0,0
"Candidatus_Moranella",0,1.87734646956223,0,0,0,0
"Candidatus_Nicolleia",0,0,0.886948026096747,0,0,0
"Candidatus_Nitrosoarchaeum",0,0,0.886948026096747,0,0,0
"Candidatus_Pelagibacter",0,0,0,0,0,0
"Candidatus_Phytoplasma",3.11168148669197,0,0,0,0,0
"Candidatus_Profftella",0,0,0,0,0,0
"Candidatus_Protochlamydia",0,0,0,0,0,0
"Candidatus_Puniceispirillum",0,0,0,1.28348949847249,0,0
"Candidatus_Regiella",0,0,0,0,0,0
"X.Candidatus_Saccharibacteria.",34.2284963536117,69.4618193738026,103.772919053319,408.14966051425,20.9973511283165,83.7766417287658
"Candidatus_Saccharimonas",0,0,13.7476944044996,56.4735379327894,0,8.43389010692273
"Candidatus_Solibacter",0,0,0,0,0,0
"Candidatus_Sulcia",0,0,0,0,0,0.562259340461515
"Candidatus_Symbiobacter",9.33504446007591,1.87734646956223,0.886948026096747,0,5.99924317951901,0.562259340461515
"Cantharellus",0,0,0,0,0,0
"Capitella",3.11168148669197,1.87734646956223,3.10431809133861,0,0,1.12451868092303
"Capnocytophaga",0,0,0.443474013048373,0,0,0
"X.Capnodiales.",0,35.6695829216824,43.4604532787406,28.2367689663947,0,47.7920439392288
"Capronia",0,0,0,0,0,1.12451868092303
"Carboxydothermus",0,1.87734646956223,0,0,0,0
"Cardiobacterium",0,0,0,0,0,0
"X.Carnobacteriaceae.",0,9.38673234781116,9.31295427401584,0,8.99886476927852,19.679076916153
"Carnobacterium",0,0,3.10431809133861,0,0,1.68677802138455
"Castellaniella",0,0,0,0,0,0
"Catellicoccus",0,0,0.443474013048373,0,0,0
"Catenovulum",0,0,0,1.28348949847249,0,0
"Catenulispora",0,0,0,0,0,0
"Catonella",0,0,0,0,2.99962158975951,0
"X.Caudovirales.",0,0,1.77389605219349,2.56697899694497,0,0
"Caulobacter",0,0,2.66084407829024,0,0,7.3093714259997
"X.Caulobacteraceae.",0,0,3.54779210438699,0,0,3.93581538323061
"Cecembia",0,3.75469293912446,1.77389605219349,5.13395799388994,0,0
"Cedecea",0,1.87734646956223,1.77389605219349,0,0,2.81129670230758
"Celeribacter",0,0,0.886948026096747,1.28348949847249,0,0.562259340461515
"X.Cellulomonadaceae.",0,0,0,2.56697899694497,0,0
"Cellulomonas",0,0,0.443474013048373,0,0,1.68677802138455
"Cellulophaga",0,0,0,0,0,1.12451868092303
"Cellulosilyticum",0,0,0,0,0,0
"Cellulosimicrobium",0,1.87734646956223,0,0,0,0
"Cellvibrio",0,0,0.886948026096747,3.85046849541746,0,1.68677802138455
"Centipeda",0,0,0,0,0,0
"Cerapachys",0,0,0,1.28348949847249,0,0
"Ceratitis",0,0,0,0,0,0
"Ceratocystis",3.11168148669197,0,0.886948026096747,0,2.99962158975951,1.12451868092303
"Cerebratulus",0,0,0,0,0,0
"Ceriporiopsis",0,0,0.886948026096747,1.28348949847249,0,1.12451868092303
"Cesiribacter",0,5.63203940868669,5.76516216962886,15.4018739816698,0,8.43389010692273
"Cetobacterium",0,1.87734646956223,0,0,0,0
"X.Chaetomiaceae.",0,0,0,0,0,0
"Chaetomium",0,0,0,0,0,0
"X.Chaetothyriales.",0,0,1.33042203914512,0,2.99962158975951,1.12451868092303
"Chamaesiphon",0,0,0,0,0,0
"Chelativorans",0,0,2.21737006524187,3.85046849541746,0,0
"Chitinophaga",0,0,17.7389605219349,29.5202584648672,0,12.3697054901533
"Chlamydia",6.22336297338394,0,0,0,0,0
"X.Chlamydiaceae.",0,0,0,0,0,0
"X.Chlamydiales.",0,0,0.443474013048373,0,0,0
"Chlorobaculum",0,0,0.443474013048373,0,0,0
"X.Chlorobiaceae.",0,0,0,0,0,0
"Chlorobium",0,0,0,3.85046849541746,0,0
"X.Chloroflexales.",0,0,0.443474013048373,0,0,0.562259340461515
"X.Chloroflexi.",0,0,3.10431809133861,0,0,0.562259340461515
"X.Chloroflexia.",0,0,2.66084407829024,1.28348949847249,0,1.68677802138455
"Chloroflexus",3.11168148669197,0,1.77389605219349,0,0,2.81129670230758
"Chloroherpeton",0,0,0.886948026096747,0,0,0
"Chlorovirus",0,0,0,0,0,0
"Chondromyces",0,0,2.66084407829024,0,0,0.562259340461515
"Chondrus",0,0,0.443474013048373,0,0,0
"X.Chromadorea.",0,0,0.443474013048373,0,0,0
"X.Chromatiaceae.",0,0,0,0,2.99962158975951,0.562259340461515
"X.Chromatiales.",0,0,0,0,0,0
"Chromobacterium",0,1.87734646956223,0,0,0,0
"Chromohalobacter",0,0,0.886948026096747,0,0,0
"X.Chroococcales.",0,0,0,0,2.99962158975951,0
"Chroococcidiopsis",0,0,0.443474013048373,0,0,0.562259340461515
"Chryseobacterium",535.209215711019,52.5657011477425,2317.15171817775,291.352116153254,323.959131694027,568.444193206592
"Chthoniobacter",0,0,0,0,0,0
"Chthonomonas",0,0,0,0,0,0
"Citreicella",0,0,1.33042203914512,0,0,1.12451868092303
"Citrobacter",3.11168148669197,3.75469293912446,5.32168815658048,6.41744749236243,23.996972718076,8.99614944738425
"Cladonia",0,0,0,0,0,0
"Cladophialophora",0,0,0,0,0,0
"Cladosporium",0,0,0,0,0,0.562259340461515
"Clavibacter",0,13.1414252869356,14.6346424305963,6.41744749236243,0,7.3093714259997
"Claviceps",0,0,0,0,0,0
"X.Clavicipitaceae.",0,0,0.443474013048373,0,0,0
"Clavispora",0,0,0,0,0,0
"Clonorchis",0,0,0,0,0,0
"X.Clostridia.",0,3.75469293912446,7.53905822182235,2.56697899694497,0,6.18485274507667
"X.Clostridiaceae.",0,5.63203940868669,4.43474013048373,1.28348949847249,2.99962158975951,3.37355604276909
"X.Clostridiales.",0,80.7258981911759,90.0252246488198,53.9065589358444,0,168.115542797993
"X.Clostridiales_Family_XIII._Incertae_Sedis.",0,0,0.443474013048373,0,0,0
"X.Clostridiales_Family_XI._Incertae_Sedis.",0,0,0,0,0,0
"Clostridium",0,11.2640788173734,24.3910707176605,2.56697899694497,0,33.1733010872294
"Coccidioides",0,0,0,0,0,0
"Coccinella",0,0,0,0,0,0
"X.Coccinellidae.",0,0,0,0,0,0
"Coleofasciculus",0,0,0.443474013048373,0,0,0
"X.Coleoptera.",0,0,0,0,0,0
"Colletotrichum",0,3.75469293912446,6.20863618267723,2.56697899694497,0,6.18485274507667
"Collimonas",0,0,0.886948026096747,0,0,0.562259340461515
"Collinsella",0,0,0.886948026096747,0,0,0
"Colwellia",0,0,0,0,0,0
"X.Comamonadaceae.",3285.93564994672,0,5753.6318452896,14.1183844831973,5273.33475479721,1940.91924327315
"Comamonas",0,0,3.99126611743536,0,0,0
"Commensalibacter",0,5.63203940868669,1.77389605219349,6.41744749236243,0,1.12451868092303
"Conexibacter",0,0,0,0,0,0
"Congregibacter",0,0,0,1.28348949847249,0,0
"Coniosporium",0,0,3.99126611743536,3.85046849541746,0,3.93581538323061
"Coprinopsis",0,1.87734646956223,0.886948026096747,0,2.99962158975951,0.562259340461515
"Coprobacillus",0,3.75469293912446,0,0,0,0
"Coprococcus",0,0,1.33042203914512,1.28348949847249,2.99962158975951,2.81129670230758
"Coprothermobacter",0,0,0,0,0,0
"Coptotermes",0,0,0,0,0,0.562259340461515
"Coraliomargarita",0,0,0,0,0,2.24903736184606
"Corallococcus",0,0,0.443474013048373,0,0,0.562259340461515
"Cordyceps",0,0,0,0,0,0
"X.Cordycipitaceae.",0,0,0,0,0,0.562259340461515
"Corethrella",0,0,0.886948026096747,0,0,0
"X.Coriobacteriaceae.",3.11168148669197,15.0187717564978,6.6521101957256,11.5514054862524,2.99962158975951,14.6187428519994
"X.Corynebacteriaceae.",0,16.8961182260601,17.2954865088866,8.9844264893074,11.998486359038,16.3055208733839
"Corynebacterium",0,489.987428555742,407.109143978407,130.915928844194,122.98448518014,315.989749339372
"Coxiella",0,0,0,0,0,0
"X.Coxiellaceae.",0,0,0,0,0,0
"Crassostrea",0,0,0,0,0,0
"X.Crenarchaeota.",0,0,0,0,0,0.562259340461515
"Crinalium",0,0,0,0,0,0
"Crithidia",0,0,0,0,0,0
"Croceibacter",0,1.87734646956223,0,0,0,0
"Crocosphaera",0,0,0,0,0,0
"Cronobacter",0,0,6.20863618267723,0,35.9954590771141,23.6148922993836
"Cryphonectria",0,0,0,0,0,2.24903736184606
"Cryptobacterium",0,0,0,0,0,0
"Cryptococcus",0,0,0,0,0,0
"Cryptosporangium",0,0,0.443474013048373,0,0,0
"Culex",0,0,0,0,0,0
"X.Culicidae.",0,0,0,0,0,0
"Cupriavidus",0,0,0,0,0,0
"Curtobacterium",0,37.5469293912446,5.76516216962886,7.70093699083491,0,0.562259340461515
"Curvibacter",0,0,30.5997069003378,0,2.99962158975951,6.74711208553818
"Curvularia",0,0,0,0,0,0
"Cyanidioschyzon",0,0,0,0,0,0
"X.Cyanobacteria.",0,0,6.20863618267723,5.13395799388994,0,12.9319648306149
"Cyanobacterium",0,0,0.443474013048373,0,0,0
"Cyanobium",0,0,1.33042203914512,0,0,0.562259340461515
"Cyanothece",0,0,0.886948026096747,0,0,0
"X.Cyclobacteriaceae.",0,13.1414252869356,4.43474013048373,12.8348949847249,0,11.2451868092303
"Cyclobacterium",0,1.87734646956223,3.10431809133861,3.85046849541746,0,3.37355604276909
"Cycloclasticus",0,0,0,0,0,0
"Cylindrospermopsis",0,0,0,0,0,0
"Cylindrospermum",0,0,0,0,0,0.562259340461515
"Cyphellophora",0,1.87734646956223,2.66084407829024,0,0,2.81129670230758
"Cystobacter",0,1.87734646956223,9.31295427401584,3.85046849541746,0,12.3697054901533
"X.Cystobacteraceae.",6.22336297338394,0,2.66084407829024,0,0,2.81129670230758
"Cytophaga",0,0,2.66084407829024,7.70093699083491,0,2.81129670230758
"X.Cytophagaceae.",18.6700889201518,135.168945808481,217.302266393703,390.180807535636,68.9912965644686,250.767665845836
"X.Cytophagales.",0,138.923638747605,117.964087470867,456.922261456205,11.998486359038,233.337626291529
"X.Cytophagia.",0,0,0,0,0,0
"Dacryopinax",0,0,0.443474013048373,0,0,0
"Dactylellina",0,0,0.886948026096747,0,0,1.12451868092303
"Dactylococcopsis",0,0,0,0,0,0
"Daldinia",0,0,0.443474013048373,0,0,0
"Danaus",0,0,0,0,0,0.562259340461515
"Daphnia",0,0,0,0,2.99962158975951,0
"Davidiella",0,0,0.443474013048373,0,0,0
"Debaryomyces",0,0,0,0,0,0
"X.Debaryomycetaceae.",0,0,0,0,0,0
"Dechloromonas",0,0,0,0,0,0
"Deferribacter",0,0,0,0,0,1.12451868092303
"X.Deferribacteraceae.",0,0,0,0,0,0
"Defluviimonas",0,0,0,0,0,0
"Dehalobacter",0,0,0.443474013048373,0,2.99962158975951,0.562259340461515
"Dehalococcoides",0,0,0,0,0,0
"X.Dehalococcoidia.",0,0,0,0,0,0
"Dehalogenimonas",0,0,0,0,0,0
"X.Deinococcales.",0,3.75469293912446,3.10431809133861,7.70093699083491,0,2.24903736184606
"X.Deinococci.",0,15.0187717564978,7.53905822182235,25.6697899694497,0,17.430039554307
"Deinococcus",0,71.3391658433648,54.1038295919016,240.012536214355,14.9981079487975,130.444166987072
"X.Deinococcus.Thermus.",0,0,0,0,0,0
"Delftia",59.1219482471474,0,69.1819460355462,0,95.9878908723042,19.679076916153
"X.Deltaproteobacteria.",0,0,0,0,0,3.93581538323061
"Dendroctonus",3.11168148669197,1.87734646956223,1.33042203914512,0,0,0
"Denitrovibrio",0,0,0,0,0,0
"Dermabacter",0,0,0.443474013048373,0,0,1.12451868092303
"X.Dermabacteraceae.",0,1.87734646956223,1.33042203914512,0,0,0
"X.Dermacoccaceae.",0,0,0.443474013048373,0,0,0
"Dermacoccus",0,0,0,0,0,0
"X.Dermatophilaceae.",0,1.87734646956223,0.443474013048373,0,0,0.562259340461515
"Desmospora",0,0,0.886948026096747,2.56697899694497,0,0
"Desulfarculus",0,0,0.443474013048373,0,0,0
"Desulfatibacillum",0,0,0,0,0,0.562259340461515
"Desulfitobacterium",0,0,0.443474013048373,0,0,0.562259340461515
"Desulfobacca",0,0,0,0,0,0
"Desulfobacter",0,0,0,0,0,0
"X.Desulfobacteraceae.",0,0,0,1.28348949847249,0,0
"X.Desulfobacterales.",0,0,0,0,0,0.562259340461515
"Desulfobacterium",0,0,0.886948026096747,0,0,0.562259340461515
"Desulfobacula",0,0,0.886948026096747,0,0,0
"X.Desulfobulbaceae.",0,0,0,0,0,0
"Desulfocapsa",0,0,0,0,0,0
"Desulfococcus",0,0,0,1.28348949847249,0,0
"Desulfofustis",0,0,0,1.28348949847249,0,0
"Desulfohalobium",0,0,0.443474013048373,0,0,0
"Desulfomicrobium",0,0,0.443474013048373,0,5.99924317951901,0.562259340461515
"Desulfomonile",0,0,0.443474013048373,0,0,0
"Desulfonatronospira",0,0,0,0,0,0.562259340461515
"Desulfosporosinus",0,0,0.443474013048373,0,0,0
"Desulfotignum",0,0,0,0,0,0.562259340461515
"Desulfotomaculum",0,0,0,0,0,1.68677802138455
"Desulfovibrio",0,1.87734646956223,0,0,0,0
"X.Desulfovibrionales.",0,0,0,0,0,1.12451868092303
"Desulfurispirillum",0,0,0,0,0,0
"Desulfurivibrio",0,0,0,0,0,0
"Desulfurobacterium",0,0,0,0,0,0
"X.Desulfuromonadales.",0,0,0,0,0,0
"Desulfuromonas",0,0,0,0,0,1.12451868092303
"Dethiobacter",0,1.87734646956223,0,0,0,0
"Devosia",0,1.87734646956223,5.76516216962886,34.6542164587571,0,8.99614944738425
"Dialister",0,0,0.443474013048373,0,0,0.562259340461515
"Diaphorina",0,0,0,0,0,0
"Dichelobacter",0,0,0,0,0,0
"Dichomitus",0,0,0,0,0,0
"Dickeya",3.11168148669197,5.63203940868669,4.87821414353211,2.56697899694497,17.997729538557,7.3093714259997
"Dictyoglomus",0,0,0,0,0,0
"X.Dictyosteliida.",0,0,0,0,0,0
"Dictyostelium",0,1.87734646956223,0,0,0,0
"Dietzia",24.8934518935358,232.790962225717,166.30275489314,77.0093699083491,206.973889693406,144.500650498609
"Dinoroseobacter",0,0,0.886948026096747,1.28348949847249,0,0.562259340461515
"X.Dipodascaceae.",0,0,0,0,0,0
"X.Diptera.",0,3.75469293912446,0,0,0,0.562259340461515
"Dokdonia",0,0,0.443474013048373,1.28348949847249,0,0.562259340461515
"Dolosigranulum",0,3.75469293912446,5.76516216962886,0,5.99924317951901,7.87163076646122
"Dorea",0,0,0,0,0,0.562259340461515
"X.Dothideomycetes.",3.11168148669197,140.800985217167,150.337690423399,80.8598384037666,92.9882692825447,129.88190764661
"Draconibacterium",0,0,2.21737006524187,3.85046849541746,0,3.93581538323061
"Drechslerella",0,0,0,0,0,0
"Drosophila",0,0,0,0,0,0
"Dyadobacter",0,7.50938587824892,28.8258108481443,62.8909854251518,0,32.6110417467679
"Dyella",0,0,0,0,0,0
"Dysgonomonas",0,0,2.21737006524187,0,0,26.4261890016912
"Echinicola",0,0,4.87821414353211,1.28348949847249,0,3.93581538323061
"Echinococcus",0,0,0,0,0,0
"Ectothiorhodospira",0,1.87734646956223,0.443474013048373,1.28348949847249,0,0
"X.Ectothiorhodospiraceae.",0,0,0,0,0,0
"Edwardsiella",0,0,0,0,0,0
"Eggerthella",0,3.75469293912446,0.886948026096747,0,0,1.68677802138455
"Eimeria",0,0,0,0,0,0
"Elizabethkingia",28.0051333802277,0,45.2343493309341,2.56697899694497,0,14.6187428519994
"Elusimicrobium",0,0,0,0,0,0.562259340461515
"Emiliania",0,0,0,0,2.99962158975951,0
"Emticicia",6.22336297338394,0,4.43474013048373,3.85046849541746,0,11.2451868092303
"Encephalitozoon",0,0,0,0,0,0
"Endocarpon",0,0,0,0,0,0
"Enhydrobacter",0,0,0,0,0,0
"Ensifer",0,0,1.33042203914512,0,0,0
"Entamoeba",0,0,0.443474013048373,2.56697899694497,14.9981079487975,11.2451868092303
"Enterobacter",0,54.4430476173047,21.2867526263219,0,1334.83160744298,419.44546798429
"X.Enterobacteriaceae.",0,5894.86791442541,4469.33110350151,1981.70778564152,18102.7162941986,6337.22502634174
"X.Enterococcaceae.",12.4467259467679,835.419178955193,15.5215904566931,11.5514054862524,0,2.81129670230758
"Enterococcus",9.33504446007591,1897.99728072742,78.0514262965137,38.5046849541746,0,9.55840878784576
"Epicoccum",0,0,0,0,0,0
"X.Epsilonproteobacteria.",0,0,0,0,2.99962158975951,0
"Eremococcus",0,5.63203940868669,0.886948026096747,0,0,1.12451868092303
"Erwinia",43.5635408136876,382.978679790695,243.023759150509,7.70093699083491,449.943238463926,163.617468074301
"Erysipelothrix",0,1.87734646956223,0,0,0,0.562259340461515
"X.Erysipelotrichaceae.",0,0,1.33042203914512,1.28348949847249,5.99924317951901,0
"Erythrobacter",0,9.38673234781116,6.6521101957256,21.8193214740323,0,9.55840878784576
"Escherichia",0,18.7734646956223,33.7040249916764,6.41744749236243,80.9897829235067,49.4788219606134
"Ethanoligenens",0,0,0,0,0,0
"X.Eubacteriaceae.",0,0,0,0,0,0
"Eubacterium",0,9.38673234781116,4.43474013048373,1.28348949847249,0,5.62259340461515
"X.Eukaryota.",0,0,56.7646736701918,0,0,75.9050109623046
"X.Eurotiales.",0,0,0,0,0,0
"X.Eurotiomycetes.",0,0,2.21737006524187,0,0,0
"X.Euryarchaeota.",0,1.87734646956223,0.443474013048373,0,0,1.12451868092303
"Eutypa",0,1.87734646956223,3.99126611743536,2.56697899694497,5.99924317951901,2.24903736184606
"Exiguobacterium",0,31.9148899825579,55.877725644095,195.090403767818,68.9912965644686,516.154074543671
"Exophiala",0,0,0,0,0,0.562259340461515
"Facklamia",0,0,1.77389605219349,0,0,0.562259340461515
"Faecalibacterium",0,0,0.886948026096747,0,0,1.12451868092303
"Felixounalikevirus",0,0,0,0,0,1.68677802138455
"Ferrimonas",0,0,0.443474013048373,0,0,0.562259340461515
"Ferroplasma",0,0,0,0,0,0
"Fervidicella",0,0,0,0,0,0
"Fervidobacterium",0,1.87734646956223,0.443474013048373,1.28348949847249,0,0
"Fibrella",0,0,19.9563305871768,10.2679159877799,0,10.6829274687688
"Fibrisoma",0,1.87734646956223,15.0781164436447,23.1028109725047,5.99924317951901,24.7394109803067
"Fibrobacter",3.11168148669197,0,1.77389605219349,0,0,2.81129670230758
"Fibroporia",0,0,0,0,0,1.12451868092303
"Fictibacillus",3.11168148669197,0,0.443474013048373,0,0,0
"Filifactor",0,0,0,0,0,0.562259340461515
"Filobasidiella",0,0,1.77389605219349,0,0,2.24903736184606
"Fimbriimonas",0,0,0,3.85046849541746,0,5.06033406415364
"Finegoldia",0,0,0,0,0,0
"X.Firmicutes.",0,550.062515581734,290.032004533636,118.081033859469,47.9939454361521,330.04623285091
"Fischerella",0,0,0,1.28348949847249,0,0
"Flammeovirga",0,0,0,0,0,0
"X.Flammeovirgaceae.",0,1.87734646956223,0.443474013048373,3.85046849541746,0,0.562259340461515
"X.Flavobacteriaceae.",637.894704771854,0,3339.8027922673,378.629402049383,218.972376052444,806.842153562275
"X.Flavobacteriales.",71.5686741939153,0,215.971844354558,53.9065589358444,0,83.2143823883043
"X.Flavobacteriia.",0,0,99.3381789228357,0,0,21.9281142779991
"Flavobacterium",0,0,29.2692848611926,6.41744749236243,0,22.4903736184606
"Flavonifractor",0,0,0,0,0,0.562259340461515
"Flexibacter",9.33504446007591,3.75469293912446,0.443474013048373,2.56697899694497,0,0
"Flexistipes",0,0,0,0,0,0
"Fluviicola",0,0,5.32168815658048,0,0,8.43389010692273
"Fomitopsis",0,0,0,0,0,0
"X.Formicidae.",0,0,1.77389605219349,0,8.99886476927852,0
"Formosa",0,0,0.886948026096747,2.56697899694497,0,1.12451868092303
"Francisella",0,0,0,0,0,0
"Frankia",0,0,2.66084407829024,0,0,0
"Frankliniella",0,0,0,0,0,0
"Frateuria",0,0,0,0,0,0.562259340461515
"Frischella",0,0,0,0,0,0
"Fulvimarina",0,0,0.443474013048373,0,5.99924317951901,0
"Fulvivirga",0,0,3.54779210438699,3.85046849541746,0,6.18485274507667
"X.Fungi.",0,58.1977405564292,67.4080499833528,33.3707269602846,17.997729538557,59.0372307484591
"Fusarium",0,0,0,0,0,0
"X.Fusobacteriales.",0,0,0.443474013048373,0,0,0
"Fusobacterium",3.11168148669197,3.75469293912446,0,0,0,1.12451868092303
"Gaeumannomyces",0,0,0.886948026096747,1.28348949847249,0,0
"Galbibacter",0,0,2.66084407829024,3.85046849541746,0,2.24903736184606
"Galdieria",0,0,0,0,0,0
"Gallaecimonas",0,0,0.886948026096747,0,0,0
"Gallibacterium",0,0,0,0,0,0
"Gallionella",0,0,0,0,0,0.562259340461515
"X.Gammaproteobacteria.",395.18354880988,1991.86460420553,1665.24491899664,1040.90998326119,2999.62158975951,2002.76777072392
"Ganoderma",0,0,0,0,0,0
"Gardnerella",0,0,0,0,0,2.24903736184606
"Geitlerinema",0,0,0,0,0,0.562259340461515
"Gemella",0,0,0,0,0,0
"Gemmata",0,0,0,0,0,0
"X.Gemmatimonadetes.",0,0,2.66084407829024,0,0,21.3658549375376
"Gemmatimonas",0,0,0,3.85046849541746,0,2.24903736184606
"Geobacillus",0,0,0,0,0,0
"Geobacter",0,0,0,0,0,0.562259340461515
"X.Geodermatophilaceae.",0,0,41.6865572265471,12.8348949847249,0,39.9204131727676
"Geodermatophilus",0,1.87734646956223,16.8520124958382,7.70093699083491,8.99886476927852,19.679076916153
"Geotrichum",0,0,0.443474013048373,0,0,0
"Gilliamella",0,1.87734646956223,0.443474013048373,0,0,0
"Gillisia",3.11168148669197,5.63203940868669,2.21737006524187,3.85046849541746,0,2.81129670230758
"Glaciecola",0,0,3.10431809133861,0,0,0
"Glarea",3.11168148669197,1.87734646956223,2.66084407829024,1.28348949847249,0,0.562259340461515
"Gloeobacter",0,0,0,0,0,0
"Gloeocapsa",0,1.87734646956223,0.886948026096747,5.13395799388994,0,1.12451868092303
"Gloeophyllum",0,0,0,0,0,0
"X.Glomeraceae.",0,0,0,0,0,0
"X.Glomerellales.",0,0,0.443474013048373,0,0,0
"Gluconacetobacter",0,0,0.886948026096747,0,0,0
"Gluconobacter",0,0,0,0,0,0
"Glycomyces",0,0,0,0,0,0.562259340461515
"Gordonia",0,3.75469293912446,7.53905822182235,0,0,3.93581538323061
"Gordonibacter",0,0,0,0,0,0.562259340461515
"Gottschalkia",0,1.87734646956223,1.77389605219349,0,5.99924317951901,1.12451868092303
"Gracilibacillus",3.11168148669197,1.87734646956223,0.886948026096747,1.28348949847249,2.99962158975951,0.562259340461515
"Gramella",0,0,1.77389605219349,0,0,1.12451868092303
"Granulibacter",0,0,1.77389605219349,0,0,0
"Granulicatella",0,0,0,0,0,0
"Granulicella",0,0,0,0,0,0
"Gregarina",0,0,0,0,2.99962158975951,0
"Grimontia",0,0,0.886948026096747,0,0,0
"Grosmannia",0,0,0,0,0,0
"Guillardia",0,0,0,0,0,0
"Haemophilus",0,0,0,0,0,0
"Hafnia",0,0,2.21737006524187,0,8.99886476927852,0.562259340461515
"Hahella",0,0,0,0,0,0
"Haladaptatus",0,0,0,0,0,0
"Halalkalicoccus",0,0,0,0,0,0
"X.Halanaerobiaceae.",0,0,0,0,0,0
"Halanaerobium",0,0,0,0,0,0.562259340461515
"Haliangium",0,0,0,0,0,0
"Haliscomenobacter",0,9.38673234781116,2.66084407829024,11.5514054862524,0,6.18485274507667
"Haloarcula",0,0,0,0,0,0
"Halobacillus",0,1.87734646956223,2.66084407829024,0,0,2.24903736184606
"X.Halobacteriaceae.",0,1.87734646956223,0.886948026096747,5.13395799388994,0,0
"Halobacterium",0,0,0,1.28348949847249,0,0
"Halobacteroides",0,0,0,0,0,0
"Halococcus",0,0,0,0,0,0
"Haloferax",0,0,0,0,0,0
"Halogeometricum",0,1.87734646956223,0,0,0,0
"Halogranum",0,0,0,0,0,0
"X.Halomonadaceae.",6.22336297338394,0,3.54779210438699,0,5.99924317951901,2.24903736184606
"Halomonas",0,16.8961182260601,14.1911684175479,14.1183844831973,23.996972718076,13.4942241710764
"Halonotius",0,0,0,0,0,0
"Halopiger",0,0,0,0,0,0
"Haloplasma",0,0,0,0,0,0
"Halorhodospira",0,0,0,1.28348949847249,0,0.562259340461515
"Halorubrum",0,0,0,0,0,0
"Halostagnicola",0,0,0,0,0,0.562259340461515
"Halothece",0,0,0,0,0,0
"Halothermothrix",0,0,0.443474013048373,0,0,0
"Halothiobacillus",0,0,0.886948026096747,0,0,0
"Harmonia",0,0,0,0,0,0
"Harpegnathos",0,0,0,0,0,0.562259340461515
"Helcococcus",0,0,0.443474013048373,1.28348949847249,0,1.12451868092303
"Helicobacter",0,0,0,1.28348949847249,0,0
"Helicoverpa",0,0,0,0,0,0
"Heliobacillus",0,0,0,0,0,0
"Heliobacterium",0,0,0,0,0,0
"Helobdella",0,0,0,0,0,0
"X.Helotiales.",0,0,0,0,0,0
"X.Hemiptera.",0,0,0,0,0,0
"Herbaspirillum",0,1.87734646956223,6.6521101957256,3.85046849541746,11.998486359038,6.18485274507667
"Herminiimonas",0,0,0,0,0,0
"Herpetosiphon",0,0,3.10431809133861,0,0,0
"X.Herpotrichiellaceae.",0,0,0,0,0,0
"Heterobasidion",0,0,0,0,0,0
"Hippea",0,3.75469293912446,0.443474013048373,0,0,0
"Hirschia",0,1.87734646956223,1.33042203914512,0,0,0.562259340461515
"Hoeflea",0,0,0.443474013048373,0,0,0
"Holdemania",0,0,0,0,0,0.562259340461515
"Holosticha",0,0,0,0,0,0
"Hortaea",0,1.87734646956223,0,0,0,0
"Hyaloperonospora",0,5.63203940868669,0.443474013048373,0,0,2.81129670230758
"Hydra",0,0,0,0,0,0
"Hydrocarboniphaga",0,0,0,0,2.99962158975951,0
"Hydrogenivirga",0,0,0,0,0,0
"Hydrogenophaga",0,1.87734646956223,9.31295427401584,0,11.998486359038,1.12451868092303
"Hylemonella",21.7817704068438,0,7.09558420877397,0,2.99962158975951,3.37355604276909
"Hymenobacter",0,69.4618193738026,91.3556466879649,278.517221168529,41.9947022566331,92.2105318356885
"Hymenolepis",0,0,0,0,0,0
"X.Hymenoptera.",0,0,0.886948026096747,0,0,0
"X.Hymenostomatida.",0,0,0,1.28348949847249,0,1.12451868092303
"X.Hyphomicrobiaceae.",0,0,3.99126611743536,15.4018739816698,0,4.49807472369212
"Hyphomicrobium",0,0,0,0,0,0
"X.Hyphomonadaceae.",0,0,0.443474013048373,0,0,0
"Hyphomonas",0,1.87734646956223,0,3.85046849541746,0,0.562259340461515
"X.Hypocreales.",0,0,0,0,0,0
"I3likevirus",0,0,0,0,0,0
"Idiomarina",0,3.75469293912446,1.77389605219349,2.56697899694497,0,0.562259340461515
"X.Ignavibacteriales.",0,0,0.443474013048373,0,0,0
"Ignavibacterium",0,0,0,0,0,0
"Ignicoccus",0,0,0,0,0,0
"Ilumatobacter",0,0,1.77389605219349,0,0,0
"Ilyobacter",0,1.87734646956223,0,0,2.99962158975951,0
"Imtechella",0,0,0.886948026096747,0,2.99962158975951,0
"Indibacter",0,0,0.443474013048373,0,0,0
"Influenzavirus_A",0,0,0,0,0,0
"Influenzavirus_B",0,0,0,0,0,0
"X.Insecta.",15.5584074334598,0,9.31295427401584,0,2.99962158975951,4.49807472369212
"Intestinibacter",0,1.87734646956223,0,0,0,0
"X.Intrasporangiaceae.",0,0,0,0,0,1.12451868092303
"Intrasporangium",0,0,0,0,0,0
"Isoptericola",0,0,1.77389605219349,5.13395799388994,0,3.93581538323061
"Isosphaera",0,0,0,0,0,0
"Ixodes",0,0,0,0,0,0
"Jaminaea",0,0,0,0,0,0
"Janibacter",0,0,3.10431809133861,14.1183844831973,0,10.1206681283073
"Jannaschia",0,0,0,0,0,0
"Janthinobacterium",0,20.6508111651845,35.9213950569182,19.2523424770873,23.996972718076,17.430039554307
"Jeotgalicoccus",0,0,0,0,2.99962158975951,0
"Johnsonella",0,0,0,0,0,0.562259340461515
"Jonesia",0,0,0.886948026096747,1.28348949847249,2.99962158975951,5.62259340461515
"Joostella",0,0,3.10431809133861,2.56697899694497,0,1.12451868092303
"Kahliella",0,0,0,0,0,0
"Kamptonema",0,0,0,0,0,0
"Kangiella",0,0,0,0,0,0
"Ketogulonicigenium",0,0,0.443474013048373,2.56697899694497,0,1.12451868092303
"Kineococcus",0,0,3.54779210438699,0,0,2.24903736184606
"Kineosphaera",0,0,1.77389605219349,0,0,0
"Kingella",0,0,0,0,0,0
"Kitasatospora",0,0,0,0,0,0
"Klebsiella",0,15.0187717564978,8.86948026096747,0,35.9954590771141,30.9242637253833
"Kluyvera",0,0,0,0,0,0
"Kluyveromyces",0,0,0,0,0,0
"Kocuria",0,0,4.43474013048373,0,0,0.562259340461515
"Komagataeibacter",0,0,0,0,0,0
"Kordia",3.11168148669197,0,3.10431809133861,2.56697899694497,0,2.81129670230758
"Kosakonia",0,0,0.886948026096747,0,2.99962158975951,2.81129670230758
"Kribbella",0,0,1.33042203914512,0,0,0
"Krombeinella",0,0,0,0,0,0
"Ktedonobacter",0,0,0,0,0,0
"Kurtzmanomyces",0,0,0,1.28348949847249,0,0
"Kutzneria",0,0,0,0,0,0.562259340461515
"Kwoniella",0,0,0,0,0,0
"Kyrpidia",0,0,0,0,0,0
"Kytococcus",0,1.87734646956223,0.886948026096747,0,0,0
"Labrenzia",0,0,0,0,0,0
"Laccaria",0,1.87734646956223,0,0,0,0
"Lachnoanaerobaculum",0,0,0,0,0,0.562259340461515
"Lachnoclostridium",0,0,4.87821414353211,0,2.99962158975951,10.6829274687688
"X.Lachnospiraceae.",0,5.63203940868669,9.31295427401584,0,0,9.55840878784576
"Lacinutrix",0,0,0,0,0,0
"X.Lactobacillaceae.",0,1.87734646956223,0,0,0,1.12451868092303
"X.Lactobacillales.",0,833.541832485631,87.8078545835779,59.0405169297343,0,44.9807472369212
"Lactobacillus",0,5.63203940868669,3.54779210438699,0,0,0
"Lactococcus",0,16.8961182260601,0,53.9065589358444,0,0
"Lambdalikevirus",0,0,1.33042203914512,0,0,0.562259340461515
"Laribacter",0,0,0,0,0,0.562259340461515
"X.Latescibacteria.",0,0,0,0,0,0
"Lautropia",0,0,0.443474013048373,0,2.99962158975951,0
"Lawsonia",0,0,0,0,0,0
"Leadbetterella",3.11168148669197,1.87734646956223,4.87821414353211,2.56697899694497,0,2.24903736184606
"Leeuwenhoekiella",3.11168148669197,0,2.21737006524187,5.13395799388994,0,2.24903736184606
"Legionella",0,0,0,0,0,0.562259340461515
"X.Legionellales.",0,0,0,0,0,0
"Leifsonia",0,0,3.54779210438699,0,0,3.37355604276909
"Leishmania",0,0,0,0,0,0
"Leisingera",0,0,0.886948026096747,0,0,0
"Lentisphaera",0,0,0,0,0,0
"X.Leotiomycetes.",0,0,0,0,0,0
"X.Lepidoptera.",0,0,0,0,0,0
"Leptolyngbya",0,0,0,1.28348949847249,0,0.562259340461515
"Leptonema",0,0,0,0,0,0.562259340461515
"Leptopilina",0,0,0,0,0,0
"Leptosphaeria",9.33504446007591,31.9148899825579,27.0519147959508,26.9532794679222,2.99962158975951,25.8639296612297
"Leptospira",0,0,0.886948026096747,0,0,0.562259340461515
"X.Leptospiraceae.",0,0,0.443474013048373,0,0,0
"Leptospirillum",0,0,0,0,0,0
"Leptothrix",0,0,0,0,0,0
"Leptotrichia",0,0,0,0,0,0
"X.Leptotrichiaceae.",0,0,0,0,0,0
"Leuconostoc",0,0,0,0,0,0
"X.Leuconostocaceae.",0,0,0,0,0,0
"Limnobacter",0,0,0,0,0,0
"Listeria",0,9.38673234781116,1.33042203914512,0,0,0
"Loktanella",0,0,0.443474013048373,2.56697899694497,0,0
"Lottia",0,0,0,0,0,0
"Luminiphilus",0,0,0,0,0,0
"Lutibaculum",0,0,0,1.28348949847249,0,2.24903736184606
"Lyngbya",0,1.87734646956223,0.886948026096747,0,0,0
"Lysinibacillus",0,1.87734646956223,0,0,0,1.68677802138455
"Lysobacter",0,0,1.77389605219349,2.56697899694497,0,4.49807472369212
"Macrococcus",3.11168148669197,5.63203940868669,6.20863618267723,1.28348949847249,2.99962158975951,4.49807472369212
"Macrophomina",0,1.87734646956223,3.99126611743536,0,0,2.24903736184606
"Madurella",0,0,0,0,0,0
"X.Magnaporthaceae.",0,0,0,0,0,0
"Magnaporthe",0,0,0.443474013048373,0,0,1.12451868092303
"Magnaporthiopsis",0,0,0,0,0,1.12451868092303
"Magnetococcus",0,0,0,0,0,0.562259340461515
"Magnetospira",0,0,0.886948026096747,0,0,0
"Magnetospirillum",0,3.75469293912446,3.10431809133861,2.56697899694497,0,3.93581538323061
"Magnetovibrio",0,0,0,0,0,0
"Mahella",0,0,0.443474013048373,0,0,0.562259340461515
"Malassezia",0,0,0,0,0,0
"Mannheimia",0,0,0,0,0,0
"Maribacter",0,0,0,0,0,0
"Maricaulis",0,0,0,0,0,0
"Marichromatium",0,0,0,0,0,0
"Mariniradius",0,0,0.443474013048373,1.28348949847249,0,1.12451868092303
"Marinithermus",0,0,0,0,0,0
"Marinobacter",0,5.63203940868669,10.1999023001126,7.70093699083491,8.99886476927852,14.0564835115379
"Marinomonas",0,0,0.443474013048373,0,0,0
"Maritimibacter",0,0,0,0,0,0
"Marivirga",0,0,0,0,0,0
"Marssonina",0,3.75469293912446,3.99126611743536,2.56697899694497,2.99962158975951,2.24903736184606
"Marvinbryantia",0,0,0.886948026096747,0,0,0
"Massilia",0,37.5469293912446,59.425517748482,103.962649376271,38.9950806668736,72.5314549195355
"Mastadenovirus",0,0,0,0,0,0
"Megamonas",0,0,0,1.28348949847249,0,0
"Megaselia",0,0,0,0,0,0
"Megasphaera",0,0,0,0,0,0
"Meiothermus",0,0,2.21737006524187,3.85046849541746,2.99962158975951,0
"Melampsora",0,1.87734646956223,0,2.56697899694497,0,1.12451868092303
"Melioribacter",0,0,0,0,0,0.562259340461515
"Melissococcus",3.11168148669197,15.0187717564978,0,0,0,0
"Mesorhizobium",0,0,0,0,0,0
"Mesotoga",0,0,1.33042203914512,0,0,0
"Metallosphaera",0,0,0,0,0,0
"Metapneumovirus",0,0,0,0,0,0
"Metarhizium",0,0,0,1.28348949847249,0,0
"X.Metazoa.",0,3.75469293912446,5.76516216962886,0,170.978430616292,8.99614944738425
"X.Methanobacteriaceae.",0,0,2.66084407829024,2.56697899694497,0,4.49807472369212
"X.Methanobacteriales.",0,0,0.886948026096747,2.56697899694497,0,6.74711208553818
"Methanobacterium",0,0,0,0,0,0
"Methanobrevibacter",3.11168148669197,16.8961182260601,9.31295427401584,3.85046849541746,11.998486359038,8.99614944738425
"X.Methanocaldococcaceae.",0,0,0,0,0,0
"Methanocella",0,1.87734646956223,0,0,0,0
"X.Methanococcales.",0,0,0.443474013048373,0,0,0
"Methanococcus",0,0,0,0,0,0
"Methanocorpusculum",0,0,0.886948026096747,0,5.99924317951901,0
"Methanoculleus",0,0,0,0,0,0
"Methanofollis",0,0,0,0,0,0
"Methanolobus",0,0,0,0,0,0
"Methanomethylovorans",0,0,0,0,0,0
"X.Methanomicrobia.",0,0,0,1.28348949847249,0,0
"X.Methanomicrobiaceae.",0,0,0,0,0,0
"Methanoplanus",0,0,0,0,0,0
"Methanoregula",0,0,0,0,0,0
"Methanosaeta",0,0,0,0,0,0
"Methanosarcina",0,0,0.443474013048373,0,0,0
"X.Methanosarcinaceae.",0,0,0,0,0,0.562259340461515
"X.Methanosarcinales.",0,0,0,0,0,0
"Methanosphaera",0,0,0,0,0,1.12451868092303
"Methanospirillum",0,0,0,0,0,0
"Methanothermus",0,0,0,0,0,0
"Methanotorris",0,0,0,0,0,0
"Methylacidiphilum",0,0,0,0,0,0.562259340461515
"Methylibium",0,0,0,0,0,0
"Methylobacillus",0,0,0,0,0,0.562259340461515
"Methylobacter",0,0,0,1.28348949847249,0,0.562259340461515
"X.Methylobacteriaceae.",0,0,3.10431809133861,0,0,9.55840878784576
"Methylobacterium",0,0,0,0,0,0
"Methylocella",0,0,0,0,0,0
"X.Methylococcaceae.",0,0,0,0,0,0
"Methylococcus",0,0,0,0,0,0
"Methylocystis",0,0,0,0,0,0
"Methyloglobulus",0,0,0,0,0,0
"Methylomicrobium",0,0,0,0,0,0
"Methylomonas",0,0,0,0,0,0
"Methylophaga",0,1.87734646956223,0.886948026096747,0,0,0
"X.Methylophilaceae.",0,22.5281576347468,6.6521101957256,47.489111443482,0,22.4903736184606
"X.Methylophilales.",0,0,0,3.85046849541746,0,1.68677802138455
"Methylotenera",0,15.0187717564978,3.99126611743536,19.2523424770873,0,10.6829274687688
"Methyloversatilis",0,0,0,0,0,0
"Methylovorus",0,0,8.42600624791909,7.70093699083491,2.99962158975951,6.74711208553818
"Meyerozyma",0,0,0,0,0,0
"Micavibrio",0,0,0,0,0,0
"X.Microbacteriaceae.",0,452.440499164498,416.422098252423,542.916057853861,593.925074772382,397.517353706291
"Microbacterium",112.020533520911,1710.26263377119,1430.203692081,1905.98190523164,2423.69424452568,1373.59956874748
"Microbispora",0,0,0,0,0,0
"Microbotryum",0,0,0,0,0,0
"Microchaete",0,0,0,0,0,0
"X.Micrococcaceae.",0,80.7258981911759,79.3818483356588,57.7570274312619,8.99886476927852,90.523753814304
"Micrococcus",3.11168148669197,11.2640788173734,12.8607463784028,1.28348949847249,5.99924317951901,7.87163076646122
"Microcoleus",0,0,0,2.56697899694497,0,1.12451868092303
"Microcystis",0,3.75469293912446,0.443474013048373,0,0,0.562259340461515
"Microlunatus",0,0,9.31295427401584,0,0,6.18485274507667
"Micromonospora",0,0,0.886948026096747,0,0,2.81129670230758
"X.Micromonosporaceae.",0,0,17.2954865088866,0,0,11.2451868092303
"Microplitis",0,0,0,0,0,0
"Microscilla",0,0,0.886948026096747,8.9844264893074,0,5.06033406415364
"X.Microsporidia.",0,0,0,0,0,0
"Microvirga",0,20.6508111651845,45.6778233439825,80.8598384037666,32.9958374873546,65.2220834935358
"X.Mimiviridae.",0,0,0.443474013048373,0,0,0
"Mitsuokella",0,0,0.886948026096747,0,0,0
"Mixia",0,0,0,0,0,0
"Mobilicoccus",0,0,0,0,0,0.562259340461515
"Mobiluncus",0,0,0.443474013048373,0,0,0.562259340461515
"Modestobacter",0,0,13.7476944044996,0,0,8.99614944738425
"Mogibacterium",0,0,0,0,0,0
"X.Mollicutes.",0,0,0,0,0,0
"X.Mollusca.",0,0,0,0,0,0
"Moniliophthora",0,0,0.886948026096747,0,0,0.562259340461515
"Monoblepharella",0,0,0,0,0,0
"Monosiga",0,0,0,0,0,0
"Moorea",0,5.63203940868669,0.886948026096747,0,0,0
"Moorella",0,0,3.54779210438699,0,0,0
"Moraxella",0,0,0.443474013048373,1.28348949847249,0,2.81129670230758
"X.Moraxellaceae.",80.9037186539912,392.365412138506,355.222684451747,210.492277749488,230.970862411482,224.903736184606
"Morganella",0,3.75469293912446,1.33042203914512,1.28348949847249,5.99924317951901,1.12451868092303
"Moritella",0,0,0,0,0,0
"Mortierella",0,0,0,0,0,0
"Mucilaginibacter",80.9037186539912,0,73.61668616603,77.0093699083491,0,39.3581538323061
"Mucispirillum",0,0,0,0,2.99962158975951,0.562259340461515
"Mucor",0,0,0,0,0,0
"X.Mucorales.",0,0,0,0,0,0
"Muricauda",0,0,0.886948026096747,0,0,0
"Myceliophthora",0,0,0,0,0,0.562259340461515
"X.Mycobacteriaceae.",0,1.87734646956223,0.443474013048373,0,0,0
"Mycobacterium",0,0,0,0,0,0
"Mycoplasma",0,0,0.886948026096747,0,2.99962158975951,0
"Mycosphaerella",0,3.75469293912446,9.75642828706421,7.70093699083491,8.99886476927852,6.74711208553818
"X.Mycosphaerellaceae.",0,5.63203940868669,19.5128565741284,2.56697899694497,0,20.2413362566146
"X.Myoviridae.",0,0,82.4861664269975,1.28348949847249,104.986755641583,3.93581538323061
"Myroides",3.11168148669197,1.87734646956223,4.87821414353211,3.85046849541746,8.99886476927852,4.49807472369212
"X.Myxococcaceae.",0,0,1.77389605219349,0,0,2.81129670230758
"X.Myxococcales.",0,0,16.4085384827898,0,0,45.5430065773827
"Myxococcus",0,0,1.33042203914512,0,0,7.87163076646122
"N15likevirus",0,0,0,0,0,0
"N4likevirus",0,0,0.443474013048373,0,0,0
"Naegleria",0,0,0,0,0,0.562259340461515
"Nakamurella",0,0,0,0,0,0
"Nasonia",0,0,0.443474013048373,0,0,0
"Natranaerobius",0,0,0.443474013048373,0,0,0
"Natrialba",0,0,0,0,2.99962158975951,0
"Natrinema",0,0,0,0,0,0
"Natronobacterium",0,0,0,0,0,0
"Natronococcus",0,0,0,0,0,0
"Natronomonas",0,0,0,0,0,0.562259340461515
"Natronorubrum",0,0,0,0,0,0
"Naumovozyma",0,0,0,0,0,0
"Necator",0,0,0,0,0,0
"X.Nectriaceae.",0,0,0,0,0,0
"Negativicoccus",0,0,0,0,0,0.562259340461515
"Neisseria",0,0,0,0,0,0
"X.Neisseriaceae.",0,0,0,0,0,0
"X.Neisseriales.",0,0,0,0,0,1.68677802138455
"Nematostella",0,0,0.886948026096747,0,2.99962158975951,0.562259340461515
"Neofusicoccum",0,0,2.21737006524187,0,0,0
"Neosartorya",0,0,0,0,0,0
"Neptuniibacter",0,0,0,0,0,0
"Nesterenkonia",3.11168148669197,15.0187717564978,17.7389605219349,8.9844264893074,5.99924317951901,16.3055208733839
"Neurospora",0,0,0,0,0,0
"Niabella",0,20.6508111651845,17.2954865088866,47.489111443482,0,43.2939692155367
"Niastella",0,33.7922364521202,58.9820437354337,191.2399352724,0,131.006426327533
"Nitratifractor",0,0,0,0,0,0
"Nitratireductor",0,0,0,0,0,0.562259340461515
"Nitrincola",0,0,0,0,0,0.562259340461515
"Nitritalea",0,0,0,0,0,0
"Nitrobacter",0,0,0,0,0,0
"Nitrococcus",0,0,0,0,0,0.562259340461515
"Nitrolancea",0,0,0.443474013048373,0,0,0
"Nitrosococcus",0,0,0,0,0,0.562259340461515
"X.Nitrosomonadaceae.",0,0,0.886948026096747,0,0,0
"Nitrosomonas",0,0,0,0,0,0
"X.Nitrosopumilaceae.",0,0,0.443474013048373,0,0,0.562259340461515
"X.Nitrosopumilales.",0,1.87734646956223,0,0,2.99962158975951,0
"Nitrosopumilus",0,0,0.443474013048373,0,0,0.562259340461515
"Nitrososphaera",0,86.3579375998626,43.903927291789,52.6230694373719,0,48.9165626201518
"Nitrosospira",0,0,10.1999023001126,0,0,5.62259340461515
"Nitrospina",0,0,0,0,0,0.562259340461515
"Nitrospira",0,0,0,0,0,0
"X.Nitrospiraceae.",0,0,0,0,0,0
"Nocardia",0,0,0.886948026096747,0,0,0
"X.Nocardiaceae.",0,0,3.99126611743536,0,0,0
"X.Nocardioidaceae.",0,0,8.42600624791909,21.8193214740323,0,21.3658549375376
"Nocardioides",0,0,19.5128565741284,24.3863004709772,0,31.4865230658449
"X.Nocardiopsaceae.",0,0,0.443474013048373,1.28348949847249,2.99962158975951,2.24903736184606
"Nocardiopsis",0,0,0.886948026096747,0,0,1.12451868092303
"X.Noctuidae.",0,0,0,0,0,0
"Nodularia",0,0,0,0,0,0
"Nonlabens",0,0,0,1.28348949847249,5.99924317951901,1.12451868092303
"Nonomuraea",0,0,0,0,0,0
"Nosema",0,0,0,0,0,0
"Nostoc",0,0,0,0,0,0
"X.Nostocaceae.",0,0,0,2.56697899694497,0,1.12451868092303
"X.Nostocales.",0,0,0,0,0,0
"Novosphingobium",0,41.3016223303691,27.9388628220475,52.6230694373719,17.997729538557,44.4184878964597
"Nuclearia",0,0,0.443474013048373,0,0,0
"X.Nudiviridae.",0,0,0,0,0,0
"X.Nymphalidae.",0,0,0,0,0,0
"Oceanibaculum",0,0,0.443474013048373,0,0,0
"Oceanibulbus",0,0,0.443474013048373,3.85046849541746,0,0
"Oceanicaulis",0,0,0,0,0,0
"Oceanicola",0,0,0,0,0,0
"Oceanimonas",0,0,0.443474013048373,0,0,1.12451868092303
"Oceaniovalibus",0,0,0.886948026096747,0,0,0.562259340461515
"Oceanithermus",0,0,0.443474013048373,0,0,0
"Oceanobacillus",0,0,2.66084407829024,0,0,1.12451868092303
"X.Oceanospirillaceae.",0,1.87734646956223,0,0,2.99962158975951,1.12451868092303
"X.Oceanospirillales.",0,5.63203940868669,1.33042203914512,1.28348949847249,2.99962158975951,1.12451868092303
"Ochrobactrum",0,0,0,0,0,0
"Octadecabacter",0,0,0,0,0,0
"Odoribacter",0,0,0.443474013048373,1.28348949847249,0,1.68677802138455
"Oenococcus",0,0,0,0,0,0.562259340461515
"Ogataea",0,0,0,0,0,0
"Oleispira",0,0,0.886948026096747,0,0,1.68677802138455
"X.Oligohymenophorea.",0,0,0,0,0,0
"Oligotropha",0,0,0,0,2.99962158975951,1.68677802138455
"Olsenella",0,1.87734646956223,3.54779210438699,1.28348949847249,0,2.81129670230758
"Onchocerca",0,0,0,0,0,0
"X.Onygenales.",0,1.87734646956223,0.443474013048373,1.28348949847249,0,0
"Ophiocordyceps",0,0,2.21737006524187,1.28348949847249,0,0
"Ophiostoma",3.11168148669197,0,1.33042203914512,0,0,0
"X.Ophiostomataceae.",0,0,0,0,0,0
"X.Opitutaceae.",0,0,0,0,0,0
"X.Opitutae.",0,0,0,0,0,0
"Opitutus",0,0,0,0,0,0
"X.Orbaceae.",0,0,0,0,0,0
"Orbilia",0,0,0.886948026096747,2.56697899694497,0,0
"X.Orbiliaceae.",0,1.87734646956223,0,0,0,0
"Oribacterium",0,0,0.443474013048373,0,0,0
"Ornithobacterium",0,0,0,0,0,0
"Oscillatoria",0,0,0,0,0,0.562259340461515
"X.Oscillatoriales.",0,5.63203940868669,1.77389605219349,1.28348949847249,0,1.68677802138455
"Oscillibacter",0,5.63203940868669,2.66084407829024,0,2.99962158975951,2.24903736184606
"Oscillochloris",0,0,0.443474013048373,0,0,0
"Owenweeksia",6.22336297338394,1.87734646956223,0.886948026096747,0,0,1.68677802138455
"Oxalobacter",0,0,0,2.56697899694497,5.99924317951901,0
"X.Oxalobacteraceae.",0,15.0187717564978,117.964087470867,170.704103296841,0,186.107841692762
"Oxytricha",0,0,0,0,0,19.679076916153
"X.Oxytrichidae.",0,0,0,0,0,1.12451868092303
"X.Paenibacillaceae.",0,0,0,7.70093699083491,0,11.2451868092303
"Paenibacillus",0,200.876072243159,33.260550978628,575.003295315674,20.9973511283165,224.341476844145
"Paenisporosarcina",0,1.87734646956223,0,0,0,1.68677802138455
"Paludibacter",0,1.87734646956223,1.33042203914512,1.28348949847249,0,2.24903736184606
"Pandoraea",0,0,0,0,0,0
"Pantoea",0,1055.06871589397,815.10523598291,424.835023994393,2999.62158975951,1185.80494903334
"Parabacteroides",0,0,0.886948026096747,0,0,0
"Parachlamydia",0,0,0,0,0,0
"X.Parachlamydiaceae.",0,0,0,0,0,0
"Paracoccidioides",0,1.87734646956223,0,0,0,0.562259340461515
"Paracoccus",0,0,0.886948026096747,12.8348949847249,0,2.24903736184606
"Paramecium",0,0,0,0,0,0
"X.Paramyxoviridae.",0,0,0,0,0,0
"Paraphaeosphaeria",0,0,0,0,0,0
"Paraprevotella",0,0,1.77389605219349,0,0,0.562259340461515
"Pararge",0,0,0,0,0,0
"Parascardovia",0,0,0,0,0,0
"Parastagonospora",12.4467259467679,41.3016223303691,51.8864595266597,65.4579644220968,32.9958374873546,63.5353054721512
"Parasutterella",0,0,0.443474013048373,0,0,0
"X.Parcubacteria.",0,0,0,0,0,0
"Parvibaculum",0,3.75469293912446,1.33042203914512,0,2.99962158975951,0
"Parvimonas",0,0,0.886948026096747,0,0,0.562259340461515
"Parvularcula",0,0,0,0,0,0
"Pasteurella",0,0,0,0,0,0.562259340461515
"X.Pasteurellaceae.",0,0,0,0,0,0
"Patulibacter",0,0,3.54779210438699,0,0,0
"Pectinophora",0,0,0,0,0,0
"Pectobacterium",0,5.63203940868669,3.99126611743536,8.9844264893074,8.99886476927852,3.93581538323061
"Pediculus",0,0,0.443474013048373,0,0,0.562259340461515
"Pediococcus",0,0,0,0,5.99924317951901,0.562259340461515
"Pedobacter",858.824090326983,24.405504104309,178.720027258494,60.3240064282068,0,75.3427516218431
"Pedosphaera",0,0,0,0,0,0
"Pelagibaca",0,1.87734646956223,0.443474013048373,0,0,0
"Pelagibacterium",0,0,1.33042203914512,0,0,4.49807472369212
"Pelistega",0,0,0,0,0,0
"Pelobacter",0,1.87734646956223,0.443474013048373,0,0,0.562259340461515
"Pelodictyon",0,0,0,0,0,1.12451868092303
"Pelosinus",0,0,0,0,0,0
"Pelotomaculum",0,0,0,0,0,1.12451868092303
"Peltigera",0,0,0,1.28348949847249,0,0
"Penicillium",0,0,0,0,0,0
"Peptoclostridium",0,9.38673234781116,3.99126611743536,3.85046849541746,0,3.37355604276909
"X.Peptococcaceae.",0,3.75469293912446,1.33042203914512,0,0,0
"Peptoniphilus",0,0,0,0,0,0
"X.Peptostreptococcaceae.",0,0,2.21737006524187,0,0,0.562259340461515
"Peptostreptococcus",0,0,0.443474013048373,0,0,0
"Periplaneta",0,0,0,0,0,0
"Perkinsus",0,0,0,0,0,0
"X.Peronosporales.",0,5.63203940868669,1.77389605219349,0,0,5.06033406415364
"Persephonella",0,0,0,0,0,0
"Pestalotiopsis",0,3.75469293912446,0.886948026096747,0,0,1.68677802138455
"Phaeobacter",0,0,0.443474013048373,0,0,0
"Phaeodactylum",0,0,0,0,0,0
"Phaeospirillum",3.11168148669197,1.87734646956223,0.443474013048373,1.28348949847249,0,0
"Phakopsora",0,0,0,0,0,0
"Phanerochaete",0,0,0.443474013048373,0,0,0
"Phascolarctobacterium",0,5.63203940868669,1.77389605219349,0,0,1.12451868092303
"Phenylobacterium",0,0,0,0,0,1.68677802138455
"Phialocephala",0,0,0,0,0,0
"Phikzlikevirus",0,0,0,0,0,0
"Photobacterium",0,0,0.443474013048373,1.28348949847249,0,1.12451868092303
"Photorhabdus",3.11168148669197,0,1.33042203914512,0,0,2.81129670230758
"Phycisphaera",0,0,0,0,0,0
"X.Phyllobacteriaceae.",0,0,0.886948026096747,3.85046849541746,0,2.24903736184606
"Phyllobacterium",0,0,0.443474013048373,2.56697899694497,0,0
"Phytomonas",0,0,0.886948026096747,0,0,0
"Phytophthora",3.11168148669197,13.1414252869356,9.75642828706421,5.13395799388994,5.99924317951901,20.8035955970761
"Pirellula",0,0,0.443474013048373,0,0,0.562259340461515
"Piriformospora",0,0,0,0,0,0
"Piscirickettsia",0,0,0.443474013048373,0,0,0
"Planctomyces",0,0,0.443474013048373,0,0,0
"X.Planctomycetaceae.",0,0,0,0,0,0
"X.Planctomycetales.",0,0,0,0,0,1.12451868092303
"X.Planctomycetes.",0,0,0,0,0,0
"X.Planctomycetia.",0,0,0.886948026096747,2.56697899694497,0,0
"Planktothrix",0,0,0,0,0,0
"Planobispora",0,0,0,0,0,0
"X.Planococcaceae.",0,13.1414252869356,9.75642828706421,5.13395799388994,5.99924317951901,10.6829274687688
"Planococcus",0,9.38673234781116,3.54779210438699,2.56697899694497,5.99924317951901,2.24903736184606
"Planomicrobium",3.11168148669197,9.38673234781116,3.99126611743536,6.41744749236243,2.99962158975951,2.81129670230758
"Plasmodium",0,0,0,0,0,0
"X.Pleosporaceae.",6.22336297338394,377.346640382008,415.978624239374,198.940872263235,149.981079487975,380.087314151984
"X.Pleosporales.",93.3504446007591,884.230187163811,1026.64234020698,558.317931835531,515.934913438635,1017.12714689488
"Plesiocystis",0,0,0,0,0,0
"Plesiomonas",0,1.87734646956223,0,0,2.99962158975951,0.562259340461515
"Pleurocapsa",0,0,0,0,0,0
"X.Pleurocapsales.",0,0,0,0,0,0
"Pleurotus",0,1.87734646956223,0,0,0,0
"Plicaturopsis",0,0,0,0,0,0
"Pneumocystis",0,0,0,0,0,0
"Podospora",0,0,0.886948026096747,0,0,0
"X.Podoviridae.",9.33504446007591,0,1.33042203914512,0,0,3.37355604276909
"Polaribacter",0,3.75469293912446,0,2.56697899694497,0,1.12451868092303
"Polaromonas",6.22336297338394,0,11.5303243392577,2.56697899694497,5.99924317951901,6.74711208553818
"X.Polyangiaceae.",0,0,0.886948026096747,0,0,0
"Polynucleobacter",0,0,0,0,0,0
"X.Polyporales.",0,0,0,0,0,0
"Polysphondylium",0,0,0,0,0,0
"Pontibacter",3.11168148669197,48.811008208618,24.8345447307089,132.199418342666,14.9981079487975,57.3504527270746
"X.Poribacteria.",0,1.87734646956223,0,0,0,0.562259340461515
"X.Porphyromonadaceae.",0,1.87734646956223,2.66084407829024,0,2.99962158975951,5.62259340461515
"Porphyromonas",0,0,0,0,0,0
"Portunus",0,0,0,0,0,0
"Prasinovirus",0,0,0,0,0,0
"Prevotella",0,7.50938587824892,33.260550978628,0,0,23.6148922993836
"X.Prevotellaceae.",0,3.75469293912446,1.33042203914512,0,0,2.81129670230758
"Prochlorococcus",0,0,0,0,0,0
"X.Promicromonosporaceae.",0,0,0,0,0,0
"X.Propionibacteriaceae.",0,0,0,0,0,0
"Propionibacterium",0,0,0,0,0,0
"Propionimicrobium",0,0,0,0,0,0
"Prosthecochloris",0,0,0,0,0,0.562259340461515
"X.Proteobacteria.",603.666208418242,814.768367790008,3215.18659460071,771.377188581964,2768.65072734802,2609.44559908189
"Proteus",0,1.87734646956223,1.33042203914512,1.28348949847249,8.99886476927852,0
"Providencia",0,129.536906399794,19.9563305871768,229.744620226575,14.9981079487975,2.81129670230758
"Pseudanabaena",0,0,0,0,0,0
"Pseudoalteromonas",0,0,4.43474013048373,0,0,0
"Pseudocercospora",0,1.87734646956223,3.54779210438699,2.56697899694497,0,5.06033406415364
"Pseudoflavonifractor",0,0,0.443474013048373,1.28348949847249,2.99962158975951,0
"Pseudogulbenkiania",0,0,1.77389605219349,0,0,0.562259340461515
"Pseudogymnoascus",0,0,1.33042203914512,2.56697899694497,0,0
"X.Pseudomonadaceae.",0,153.942410504103,121.955353588303,84.7103068991841,290.963294206672,525.712483331517
"X.Pseudomonadales.",112.020533520911,168.961182260601,191.580773636897,106.529628373216,146.981457898216,177.111692245377
"Pseudomonas",0,2864.83071255196,1494.95089798607,1809.72019284621,3452.56444981319,5773.27890785884
"Pseudonocardia",0,0,0,0,0,0
"X.Pseudonocardiaceae.",0,0,2.21737006524187,0,0,0
"Pseudoramibacter",0,0,0,0,0,0.562259340461515
"Pseudovibrio",0,0,0.443474013048373,0,0,0
"Pseudoxanthomonas",0,0,0,0,0,0.562259340461515
"Pseudozyma",0,0,2.66084407829024,1.28348949847249,2.99962158975951,6.74711208553818
"Psychrobacter",0,65.7071264346781,72.2862641268849,24.3863004709772,23.996972718076,68.5956395363049
"Psychroflexus",0,0,3.54779210438699,0,0,1.68677802138455
"Psychromonas",0,0,0,0,0,0
"Puccinia",0,16.8961182260601,3.99126611743536,1.28348949847249,5.99924317951901,1.68677802138455
"X.Pucciniales.",0,0,0,0,0,0
"Punctularia",0,0,0.443474013048373,0,0,0
"Pusillimonas",0,0,0,0,0,0
"Pyramidobacter",0,0,2.66084407829024,0,0,0
"Pyrenophora",18.6700889201518,129.536906399794,160.98106673656,59.0405169297343,98.9875124620637,133.817723029841
"Pyrobaculum",0,0,0,1.28348949847249,0,0
"Pyrococcus",0,0,0,0,0,0
"Pyronema",0,0,0,0,0,0.562259340461515
"Pythium",0,0,0,0,0,0
"Rahnella",0,0,9.31295427401584,0,0,6.18485274507667
"Ralstonia",0,0,5.76516216962886,0,0,0
"Ramlibacter",3.11168148669197,0,19.5128565741284,10.2679159877799,5.99924317951901,17.9922988947685
"Raoultella",0,5.63203940868669,0.886948026096747,1.28348949847249,2.99962158975951,1.12451868092303
"Raphidiopsis",0,0,0,0,0,0
"X.Reduviidae.",0,0,0,0,0,0
"Reinekea",0,0,0,0,0,0.562259340461515
"Renibacterium",0,1.87734646956223,0.443474013048373,0,0,2.24903736184606
"Reticulomyxa",0,0,0,0,0,0
"X.Retroviridae.",0,0,0,0,0,0
"X.Rhabditida.",0,0,0,0,0,0
"Rheinheimera",0,0,0,1.28348949847249,0,0
"Rhipicephalus",0,0,0,0,0,0
"X.Rhizobiaceae.",40.4518593269956,26.2828505738712,101.999023001126,48.7726009419545,0,42.1694505346137
"X.Rhizobiales.",0,0,131.711781875367,25.6697899694497,0,89.9614944738425
"Rhizobium",0,0,19.5128565741284,2.56697899694497,0,12.9319648306149
"Rhizoctonia",0,0,0,0,0,0.562259340461515
"Rhizophagus",0,0,1.33042203914512,0,0,1.12451868092303
"Rhizopus",0,0,0.443474013048373,0,0,3.93581538323061
"Rhodanobacter",0,0,0.443474013048373,0,0,0
"Rhodnius",0,0,0.886948026096747,2.56697899694497,0,0.562259340461515
"Rhodobacter",0,0,4.43474013048373,1.28348949847249,0,5.62259340461515
"X.Rhodobacteraceae.",0,48.811008208618,65.6341539311593,247.71347320519,29.9962158975951,112.451868092303
"X.Rhodobacterales.",0,3.75469293912446,2.66084407829024,6.41744749236243,2.99962158975951,5.62259340461515
"Rhodococcus",0,0,18.6259085480317,0,0,17.9922988947685
"X.Rhodocyclaceae.",0,0,0,0,0,0
"Rhodoferax",0,0,0.886948026096747,0,2.99962158975951,1.68677802138455
"Rhodomicrobium",0,0,0.443474013048373,0,0,0.562259340461515
"Rhodonellum",3.11168148669197,0,1.77389605219349,1.28348949847249,0,0
"Rhodopirellula",0,0,0.886948026096747,0,0,0
"Rhodopseudomonas",0,0,2.66084407829024,0,0,0
"X.Rhodospirillaceae.",0,5.63203940868669,17.2954865088866,10.2679159877799,0,6.74711208553818
"X.Rhodospirillales.",0,0,5.32168815658048,0,0,4.49807472369212
"Rhodospirillum",0,1.87734646956223,0,0,0,5.06033406415364
"Rhodosporidium",0,0,0,0,0,0
"X.Rhodothermaceae.",0,0,0,1.28348949847249,0,0.562259340461515
"Rhodothermus",0,0,0,0,0,0
"Rhodotorula",0,0,0,0,0,0.562259340461515
"Rhodovulum",0,0,0,0,0,0
"Richelia",0,0,0,0,0,0.562259340461515
"Rickettsia",0,0,0,0,0,0
"Rickettsiella",0,0,0,0,0,0
"Riemerella",3.11168148669197,0,15.5215904566931,0,0,1.68677802138455
"Riptortus",0,0,0,0,0,0
"Rivularia",0,0,0,0,0,0
"X.Rivulariaceae.",0,0,0,0,0,0
"Robiginitalea",0,0,0.443474013048373,1.28348949847249,0,0.562259340461515
"Roseburia",0,3.75469293912446,2.66084407829024,0,0,5.06033406415364
"Roseibacterium",0,0,0,0,0,0
"Roseibium",0,0,0,0,0,0
"Roseiflexus",0,1.87734646956223,2.21737006524187,1.28348949847249,0,5.06033406415364
"Roseivivax",0,0,0.886948026096747,1.28348949847249,0,0.562259340461515
"Rosenbergiella",0,0,0.443474013048373,0,0,0
"Roseobacter",0,0,1.33042203914512,2.56697899694497,0,0.562259340461515
"Roseomonas",0,0,1.77389605219349,0,0,1.68677802138455
"Roseovarius",0,0,0,1.28348949847249,0,1.12451868092303
"Rothia",0,0,0,0,0,0
"Rubellimicrobium",0,30.0375435129957,35.0344470308215,75.7258804098767,8.99886476927852,48.3543032796903
"Rubidibacter",0,0,0,0,0,0
"Rubrivivax",0,0,0.886948026096747,0,0,1.68677802138455
"Rubrobacter",0,187.734646956223,84.2600624791909,92.411243890019,83.9894045132662,71.4069362386124
"Ruegeria",0,0,0,0,0,0
"Ruminiclostridium",0,0,4.43474013048373,0,0,2.24903736184606
"X.Ruminococcaceae.",0,0,2.66084407829024,1.28348949847249,0,2.24903736184606
"Ruminococcus",0,11.2640788173734,7.09558420877397,1.28348949847249,0,12.3697054901533
"Runella",0,0,9.75642828706421,17.9688529786148,0,16.8677802138455
"Saccharomonospora",0,0,6.20863618267723,0,0,0
"Saccharomyces",0,0,0,0,0,0
"X.Saccharomycetaceae.",0,0,0,0,0,0
"X.Saccharomycetales.",0,0,0,0,0,0
"Saccharophagus",0,0,0.886948026096747,0,0,0
"Saccharopolyspora",0,0,2.21737006524187,0,0,0
"Saccharothrix",0,0,0,0,0,0
"Sagittula",0,0,0,0,0,0
"Salimicrobium",0,0,0.443474013048373,0,0,1.68677802138455
"Salinibacter",0,0,0,1.28348949847249,0,0
"Salinibacterium",0,1.87734646956223,0,0,0,0.562259340461515
"Salinisphaera",0,0,0.443474013048373,0,0,0
"Salinispora",0,0,0,0,0,0.562259340461515
"Salipiger",0,0,0,0,0,0.562259340461515
"Salmonella",0,5.63203940868669,8.86948026096747,0,8.99886476927852,14.0564835115379
"Sanguibacter",0,0,0,0,0,0
"Saprospira",0,0,0.886948026096747,1.28348949847249,0,0.562259340461515
"Scardovia",0,0,0,0,0,0
"Schistosoma",0,0,0.443474013048373,0,0,0.562259340461515
"Schizophyllum",0,0,0,0,0,0
"Schizosaccharomyces",0,0,0,0,0,0
"Sclerotinia",0,0,0,0,0,0
"X.Sclerotiniaceae.",0,0,0,0,0,0
"Sebaldella",0,0,0,0,0,0
"Segniliparus",0,0,0,0,0,0
"X.Selenomonadales.",0,0,0,0,0,4.49807472369212
"Selenomonas",0,0,0,0,0,0
"Serinicoccus",0,0,0,0,0,0
"Serpula",0,0,0,0,0,0
"Serratia",0,15.0187717564978,48.3386674222727,7.70093699083491,29.9962158975951,17.430039554307
"Setosphaeria",0,41.3016223303691,54.9907776179983,19.2523424770873,17.997729538557,59.5994900889206
"Shewanella",3.11168148669197,13.1414252869356,11.9737983523061,6.41744749236243,2.99962158975951,0
"Shigella",0,0,0.886948026096747,1.28348949847249,8.99886476927852,2.24903736184606
"Shimwellia",0,1.87734646956223,0,0,2.99962158975951,0
"Shinella",0,0,1.77389605219349,0,0,0.562259340461515
"Shuttleworthia",0,1.87734646956223,0.443474013048373,1.28348949847249,0,0
"Sideroxydans",0,0,2.21737006524187,0,0,0
"Simiduia",0,0,0.443474013048373,1.28348949847249,0,0.562259340461515
"Simkania",0,0,0,0,0,0.562259340461515
"Singulisphaera",0,0,0,0,0,0
"Sinorhizobium",0,0,3.10431809133861,7.70093699083491,0,0.562259340461515
"X.Siphoviridae.",0,0,14.1911684175479,0,0,1.68677802138455
"Skeletonema",0,0,0,0,0,0
"Skermanella",0,15.0187717564978,42.1300312395955,32.0872374618121,23.996972718076,36.5468571299985
"Slackia",0,0,0,0,0,0
"Smithella",3.11168148669197,0,0,0,0,0.562259340461515
"Snodgrassella",0,0,0.443474013048373,0,0,0
"Sodalis",0,0,0.886948026096747,0,0,0
"Solenopsis",0,0,0,0,0,0.562259340461515
"Solibacillus",0,3.75469293912446,2.21737006524187,1.28348949847249,0,1.12451868092303
"X.Solirubrobacterales.",0,0,0,0,0,0
"Solitalea",15.5584074334598,1.87734646956223,4.43474013048373,15.4018739816698,0,7.3093714259997
"Solobacterium",0,0,0,0,0,0
"Sorangium",0,0,0,0,0,2.24903736184606
"Sordaria",0,0,0.443474013048373,0,0,0
"X.Sordariaceae.",0,0,0.443474013048373,0,0,0
"X.Sordariales.",0,0,0,0,0,0
"X.Sordariomycetes.",0,0,13.3042203914512,0,0,8.43389010692273
"Spathaspora",0,0,0.886948026096747,0,0,0.562259340461515
"Sphaerobacter",0,0,3.10431809133861,0,0,3.93581538323061
"X.Sphaerobacteraceae.",0,0,0.443474013048373,0,0,0
"Sphaerochaeta",0,0,0.443474013048373,1.28348949847249,0,1.12451868092303
"Sphaerotilus",0,0,0,0,0,0
"Sphaerulina",0,0,4.87821414353211,0,0,5.06033406415364
"X.Sphingobacteriaceae.",1250.89595765017,58.1977405564292,309.544861107765,245.146494208245,0,143.938391158148
"X.Sphingobacteriales.",152.472392847906,48.811008208618,207.545838106639,506.978351896632,0,333.419788893679
"X.Sphingobacteriia.",0,0,0,1.28348949847249,0,1.12451868092303
"Sphingobacterium",28.0051333802277,0,65.1906799181109,5.13395799388994,0,23.0526329589221
"Sphingobium",0,0,36.3648690699666,6.41744749236243,0,20.8035955970761
"X.Sphingomonadaceae.",0,735.919816068395,723.749589294945,681.53292368889,1763.77749477859,747.242663473354
"X.Sphingomonadales.",0,122.027520521545,120.181457536109,251.563941700607,104.986755641583,201.851103225684
"Sphingomonas",49.7869037870715,1041.92729060704,836.391988609232,571.152826820256,2843.64126709201,844.513529373196
"Sphingopyxis",0,5.63203940868669,6.20863618267723,14.1183844831973,0,5.62259340461515
"Spiribacter",0,0,0,0,0,0
"Spirochaeta",0,0,0.886948026096747,0,0,0.562259340461515
"X.Spirochaetaceae.",0,3.75469293912446,0.443474013048373,0,0,0
"Spiroplasma",0,0,0,0,0,0
"Spirosoma",12.4467259467679,24.405504104309,124.616197666593,46.2056219450095,0,62.9730461316897
"X.Spirotrichea.",0,0,0,0,0,0
"Spizellomyces",0,0,0,0,0,0
"X.Sporidiobolales.",0,0,0,0,0,0
"Sporisorium",0,0,0.443474013048373,0,0,1.12451868092303
"Sporolactobacillus",0,1.87734646956223,0,0,0,0
"Sporomusa",0,0,0.886948026096747,0,0,0
"Sporosarcina",0,0,0,1.28348949847249,0,0.562259340461515
"Sporothrix",0,0,0,0,0,0
"Stackebrandtia",0,0,0,0,0,0
"Stanieria",0,0,0,0,0,0
"X.Staphylococcaceae.",12.4467259467679,24.405504104309,19.5128565741284,3.85046849541746,14.9981079487975,12.9319648306149
"Staphylococcus",0,0,51.8864595266597,0,0,18.55455823523
"Starkeya",0,0,0,0,0,1.12451868092303
"Stenotrophomonas",0,15.0187717564978,2.21737006524187,0,0,38.233635151383
"Stereum",0,0,0,0,0,0
"Stigmatella",0,0,0.886948026096747,0,0,6.74711208553818
"Stomatobaculum",0,0,0,0,0,1.12451868092303
"Streptoalloteichus",0,0,0,0,0,0
"X.Streptococcaceae.",0,3.75469293912446,0,16.6853634801423,0,0
"Streptococcus",0,0,0,0,0,0
"Streptomyces",0,0,0,0,0,0
"X.Streptomycetaceae.",0,0,0,0,0,0
"X.Streptosporangiaceae.",0,0,0.443474013048373,0,0,0
"Streptosporangium",0,0,0.443474013048373,0,0,0
"Strigamia",0,0,0,0,0,0
"Strigomonas",0,0,0,0,0,0
"Strongylocentrotus",0,0,0,0,0,0.562259340461515
"Subdoligranulum",0,0,0.886948026096747,0,0,0
"Succinatimonas",3.11168148669197,0,0.443474013048373,0,5.99924317951901,3.37355604276909
"Sulfobacillus",0,0,0,0,0,0
"Sulfolobus",0,0,0,0,0,0
"Sulfuricella",0,0,0,0,0,0
"Sulfurihydrogenibium",0,0,0.443474013048373,1.28348949847249,0,0
"Sulfurimonas",0,0,0,0,0,0
"Sulfuritalea",0,0,0,0,0,0.562259340461515
"Sulfurospirillum",0,0,0,1.28348949847249,0,0
"Sulfurovum",0,0,0.443474013048373,0,0,0
"Sutterella",0,0,2.66084407829024,0,0,0
"X.Sutterellaceae.",0,0,0.443474013048373,0,0,0
"Symbiobacterium",0,0,0,0,0,0.562259340461515
"Synechococcus",0,3.75469293912446,0.886948026096747,1.28348949847249,0,2.24903736184606
"Synechocystis",3.11168148669197,0,0,0,0,0.562259340461515
"X.Synergistaceae.",0,0,0,0,0,0
"Synergistes",0,0,0.443474013048373,0,0,0
"X.Syntrophaceae.",0,0,0,0,0,0
"Syntrophobacter",0,0,0.443474013048373,0,0,0
"Syntrophobotulus",0,0,0,0,0,0
"Syntrophomonas",0,0,0.443474013048373,0,0,0.562259340461515
"Syntrophothermus",0,0,0.443474013048373,0,0,0
"Syntrophus",0,0,0,0,0,0.562259340461515
"T4likevirus",0,1.87734646956223,0,0,0,0
"T5likevirus",0,0,0,0,0,0
"T7likevirus",0,0,0,0,0,0
"Talaromyces",0,0,0,0,0,0
"Tannerella",0,0,0.443474013048373,0,0,0
"Taphrina",0,0,0.886948026096747,0,0,0
"Tatumella",0,0,0.443474013048373,0,0,0
"Taylorella",0,0,0,0,0,0
"X.Tephritidae.",0,0,0,0,0,0
"Tepidanaerobacter",0,0,0,0,0,0.562259340461515
"Teredinibacter",0,3.75469293912446,0,0,0,0.562259340461515
"Terriglobus",0,0,0,0,0,0
"Tetragenococcus",0,0,0.443474013048373,0,2.99962158975951,1.68677802138455
"Tetrahymena",3.11168148669197,0,0,0,0,0
"X.Tetranychidae.",0,0,0,0,5.99924317951901,0
"Tetranychus",0,0,0,0,986.875503030878,0.562259340461515
"Tetrasphaera",0,0,0,0,0,0
"Thalassiosira",0,0,0,0,0,0.562259340461515
"Thalassobacter",0,0,0,1.28348949847249,0,0
"Thalassobium",0,0,0,0,0,1.12451868092303
"Thalassolituus",0,0,0.443474013048373,0,0,0
"Thalassospira",0,1.87734646956223,0.886948026096747,0,0,1.12451868092303
"Thauera",0,0,0,0,0,0
"X.Thaumarchaeota.",0,3.75469293912446,18.1824345349833,8.9844264893074,0,12.9319648306149
"X.Thermaceae.",0,0,0,3.85046849541746,0,0
"Thermacetogenium",0,0,0,0,2.99962158975951,0
"Thermaerobacter",0,0,0.443474013048373,0,0,0
"Thermanaerovibrio",0,0,0.443474013048373,0,0,0
"Thermincola",0,0,0,0,0,0.562259340461515
"Thermoanaerobacter",0,0,0.443474013048373,0,5.99924317951901,0.562259340461515
"X.Thermoanaerobacterales.",0,1.87734646956223,0,0,0,0
"X.Thermoanaerobacterales_Family_III._Incertae_Sedis.",0,0,0,0,0,0
"Thermoanaerobacterium",0,0,0.443474013048373,0,0,0
"Thermobacillus",0,0,0,0,0,0
"Thermobaculum",0,0,3.99126611743536,0,0,1.12451868092303
"Thermobifida",0,3.75469293912446,0.886948026096747,0,2.99962158975951,0
"Thermobispora",0,0,0,1.28348949847249,0,0
"Thermobrachium",0,0,0,0,0,0
"Thermococcus",0,0,0,1.28348949847249,0,0
"Thermodesulfatator",0,0,0,0,0,0
"Thermodesulfobacterium",0,0,0,0,0,0
"Thermodesulfobium",0,0,0,0,0,0
"Thermodesulfovibrio",0,0,0,0,0,0.562259340461515
"X.Thermomicrobia.",0,0,5.32168815658048,0,0,0
"Thermomicrobium",0,1.87734646956223,1.33042203914512,1.28348949847249,0,0
"Thermomonospora",0,0,0,0,0,0
"Thermoplasma",0,0,0,0,0,0.562259340461515
"X.Thermoplasmatales.",0,0,0.443474013048373,0,0,0
"X.Thermoprotei.",0,0,0,0,0,0
"Thermosediminibacter",0,0,0,1.28348949847249,0,0
"Thermosinus",0,1.87734646956223,0,0,0,0
"Thermosipho",0,0,0,0,0,1.12451868092303
"Thermosynechococcus",0,0,0.443474013048373,0,0,0
"Thermotoga",0,0,0.443474013048373,0,0,0
"X.Thermotogaceae.",0,0,0.443474013048373,0,0,0
"X.Thermotogales.",0,0,0,0,0,0
"Thermovibrio",0,0,0,0,0,0
"Thermovirga",0,0,0,0,0,0
"Thermus",0,0,0.886948026096747,0,0,0.562259340461515
"Thielavia",0,0,0.443474013048373,0,0,0.562259340461515
"Thioalkalimicrobium",0,0,0,0,0,0
"Thioalkalivibrio",0,0,0,0,0,0.562259340461515
"Thiobacillus",0,0,0,0,2.99962158975951,0
"Thiocapsa",0,0,0,0,0,1.12451868092303
"Thiocystis",0,0,0,0,0,0
"Thioflavicoccus",0,0,0,0,0,0
"Thiohalocapsa",0,0,0,0,0,0
"Thiomicrospira",0,0,0,0,0,0
"Thiomonas",0,0,1.33042203914512,0,5.99924317951901,0
"Thiorhodococcus",0,0,0.443474013048373,0,0,0
"Thiorhodospira",0,0,0.443474013048373,0,0,0
"Thiorhodovibrio",0,0,0,0,0,0
"Thiothrix",0,1.87734646956223,0.443474013048373,0,2.99962158975951,0
"X.Thripidae.",0,0,0,0,0,1.12451868092303
"Tistrella",0,0,1.77389605219349,0,0,0.562259340461515
"Togninia",0,0,0.886948026096747,0,0,2.24903736184606
"Tolumonas",0,0,0,0,0,0
"Torulaspora",0,0,0,0,0,0
"Trametes",0,0,0.443474013048373,0,0,0
"Tremella",0,0,0,0,0,0
"X.Tremellaceae.",0,0,0.443474013048373,0,0,0
"X.Tremellales.",0,1.87734646956223,3.99126611743536,0,0,0
"X.Tremellomycetes.",0,0,0,0,0,0
"Treponema",0,1.87734646956223,2.66084407829024,0,0,3.37355604276909
"Triatoma",0,0,0,0,2.99962158975951,0
"Tribolium",0,0,0.443474013048373,0,0,1.12451868092303
"Trichinella",0,0,0,0,0,0
"Trichoderma",0,0,1.33042203914512,0,0,2.81129670230758
"Trichodesmium",0,0,0.443474013048373,0,0,0
"Trichophyton",0,3.75469293912446,0.443474013048373,0,0,0
"Trichoplax",0,0,0,0,0,0
"Trichormus",0,0,0,1.28348949847249,0,0
"Trichosporon",0,0,0.886948026096747,0,0,0
"Truepera",0,0,0,0,0,0
"Trueperella",0,0,0.886948026096747,0,0,1.68677802138455
"Trypanosoma",0,0,0,0,0,0
"X.Trypanosomatidae.",0,0,0.443474013048373,0,0,0.562259340461515
"Tsukamurella",0,0,0.886948026096747,0,0,0
"Tuber",0,0,0,0,0,0
"Turbinellus",0,0,0,0,0,0
"Turicella",0,1.87734646956223,0.443474013048373,0,0,0
"Turicibacter",0,7.50938587824892,13.7476944044996,1.28348949847249,2.99962158975951,4.49807472369212
"Turneriella",0,0,0,0,0,0
"Twortlikevirus",0,0,0,0,0,0
"Tyzzerella",0,0,0,0,0,0
"Uncinocarpus",0,0,0,0,0,0
"Unknown",0,24362.3251355091,47774.1250036621,24838.0887744395,19749.5085469766,43644.2567846442
"Usnea",0,0,0,0,0,0
"X.Ustilaginaceae.",0,1.87734646956223,19.9563305871768,15.4018739816698,17.997729538557,37.6713758109215
"Ustilago",0,3.75469293912446,10.1999023001126,3.85046849541746,8.99886476927852,14.0564835115379
"Vagococcus",0,3.75469293912446,0.443474013048373,0,0,0
"Vanderwaltozyma",0,0,0,0,0,0
"Varibaculum",0,0,0,0,0,0
"Variovorax",0,0,23.0606486785154,0,0,5.06033406415364
"Veillonella",0,0,0,0,0,0
"X.Veillonellaceae.",0,3.75469293912446,0.886948026096747,0,0,2.81129670230758
"Venturia",0,0,0,0,0,0
"Vermamoeba",0,0,0,0,0,0
"Verminephrobacter",9.33504446007591,0,2.21737006524187,0,0,2.24903736184606
"X.Verrucomicrobia.",0,0,0,0,0,0
"X.Verrucomicrobiaceae.",0,0,0,0,0,0
"X.Verrucomicrobiales.",0,0,0,0,0,0
"Verrucosispora",0,0,1.33042203914512,2.56697899694497,0,1.12451868092303
"Verticillium",0,0,0,0,0,0.562259340461515
"Vibrio",9.33504446007591,5.63203940868669,5.76516216962886,1.28348949847249,2.99962158975951,5.06033406415364
"X.Vibrionaceae.",0,1.87734646956223,3.99126611743536,0,0,1.12451868092303
"X.Vibrionales.",0,0,0.886948026096747,0,0,0
"Virgibacillus",0,1.87734646956223,9.75642828706421,3.85046849541746,0,3.37355604276909
"Viridibacillus",0,0,0,0,0,1.12451868092303
"X.Viruses.",6.22336297338394,0,5.32168815658048,0,0,0
"Waddlia",0,0,0,0,0,0
"Wallemia",0,0,0,0,0,0
"Weeksella",0,0,1.33042203914512,2.56697899694497,0,0.562259340461515
"Weissella",0,0,0,0,0,0
"Wickerhamomyces",0,0,0,0,0,0
"Wigglesworthia",0,0,0.443474013048373,0,0,0.562259340461515
"Williamsia",0,0,0.443474013048373,0,0,0
"Winogradskyella",0,3.75469293912446,0.443474013048373,0,0,0
"Wohlfahrtiimonas",0,0,0.443474013048373,0,2.99962158975951,0.562259340461515
"Wolbachia",0,0,0,1.28348949847249,14.9981079487975,0.562259340461515
"Wuchereria",0,1.87734646956223,0,0,0,0
"Xanthobacter",0,0,0.443474013048373,0,0,0
"X.Xanthobacteraceae.",0,0,0,0,0,0
"X.Xanthomonadaceae.",0,0,0,0,0,40.4826725132291
"X.Xanthomonadales.",0,0,0,0,0,0
"Xanthomonas",0,0,2.21737006524187,0,0,0
"Xenococcus",0,0,0,0,0,0
"Xenorhabdus",6.22336297338394,0,6.20863618267723,2.56697899694497,2.99962158975951,1.68677802138455
"Xylanimonas",0,0,0,0,0,0
"X.Xylariales.",0,1.87734646956223,0,0,0,0.562259340461515
"Xylella",0,0,0,0,0,0
"Yarrowia",0,0,0,0,0,0
"Yersinia",3.11168148669197,3.75469293912446,9.75642828706421,12.8348949847249,8.99886476927852,8.43389010692273
"Yokenella",0,0,0.886948026096747,1.28348949847249,2.99962158975951,2.81129670230758
"Youngiibacter",0,0,0.443474013048373,0,0,0.562259340461515
"Zancudomyces",0,0,0,0,0,0
"Zhouia",3.11168148669197,0,1.33042203914512,1.28348949847249,0,1.12451868092303
"Zobellia",0,0,1.77389605219349,0,0,0
"Zunongwangia",3.11168148669197,0,3.10431809133861,1.28348949847249,0,4.49807472369212
"Zygosaccharomyces",0,0,0,0,0,0
"Zymomonas",0,0,0.886948026096747,0,0,1.12451868092303
"Zymoseptoria",0,7.50938587824892,6.6521101957256,10.2679159877799,0,6.74711208553818
