"rows.list[[i]]","PHYLLO09","PHYLLO26","PHYLLO27","PHYLLO28","PHYLLO29","PHYLLO30"
"Abiotrophia",0,2.67105307793094,0.856397924967782,0,2.99257766686512,0
"Acanthamoeba",0,0,0,0,0,0
"Acaryochloris",0,0,1.71279584993556,0.591304031443133,0,0
"Acetobacter",0,0.667763269482736,5.13838754980669,4.13912822010193,0,3.57979227083068
"X.Acetobacteraceae.",0,20.7006613539648,47.9582837981958,24.2434652891684,0,17.8989613541534
"Acetohalobium",0,0,0,0,0,0
"Acetonema",0,0,0.856397924967782,0,0,0
"X.Acetothermia.",0,0,0,0,0,0
"Acholeplasma",0,0,0,0,0,0
"Achromobacter",0,0,0,0,0,0
"X.Acidaminococcaceae.",0,0,0,0,0,0
"Acidaminococcus",0,0.667763269482736,0,0,0,0
"Acidianus",0,0,0,0.591304031443133,0,0
"Acidilobus",0,0.667763269482736,0,0.591304031443133,0,0
"X.Acidimicrobiaceae.",0,0,0.856397924967782,0,0,0
"Acidimicrobium",0,0.667763269482736,0.856397924967782,1.7739120943294,0,1.78989613541534
"Acidiphilium",0,0,0,2.36521612577253,0,1.78989613541534
"Acidithiobacillus",0,1.33552653896547,0,0.591304031443133,0,0
"X.Acidobacteria.",0,0,0,0,0,0
"X.Acidobacteriaceae.",0,0,0,0,0,0
"X.Acidobacteriales.",0,0,0,0,0,0
"Acidobacterium",0,0,0,0,0,0
"Acidocella",0,0,0,0,0,0
"Acidomonas",0,0,1.71279584993556,1.7739120943294,0,1.78989613541534
"Acidothermus",0,0.667763269482736,4.28198962483891,0,0,0
"Acidovorax",614.387847357495,2599.60240809629,141.305657619684,3834.60664390871,0,2901.42163550827
"Acinetobacter",0,1272.08902836461,101.911353071166,458.851928399871,0,347.239850270576
"Acremonium",0,0,0,0,0,0
"Acromyrmex",0,0,0,0,0,0
"Acropora",0,0,0.856397924967782,0,0,0
"Actibacterium",0,0,0.856397924967782,1.18260806288627,0,0.89494806770767
"Actinobacillus",0,0,0,0,0,0
"X.Actinobacteria.",0,482.792843836018,530.966713480025,397.947613161228,149.628883343256,323.971200510177
"Actinobaculum",0,0,0,0,0,0
"Actinokineospora",0,1.33552653896547,4.28198962483891,0.591304031443133,0,0
"Actinomyces",0,0,0,1.7739120943294,0,1.78989613541534
"X.Actinomycetaceae.",0,1.33552653896547,0,0.591304031443133,0,0
"X.Actinomycetales.",0,3627.9578430997,3205.49743315441,3027.47664098884,1185.06075607859,2468.26677073775
"Actinoplanes",0,51.4177717501707,24.8355398240657,56.1738829870976,0,42.9575072499682
"Actinosynnema",0,6.67763269482736,0.856397924967782,1.18260806288627,0,0.89494806770767
"Actinotalea",0,4.00657961689642,7.70758132471004,5.32173628298819,5.98515533373025,5.36968840624602
"Acyrthosiphon",0,4.00657961689642,7.70758132471004,0,0,0
"X.Adenoviridae.",0,2.00328980844821,0.856397924967782,0.591304031443133,0,0
"Adineta",0,0,0,0,0,0
"Adlercreutzia",0,0,0,0,0,0
"Advenella",0,1.33552653896547,1.71279584993556,0.591304031443133,0,0
"Aedes",0,0,0,0,0,0
"Aequorivita",0,1.33552653896547,0.856397924967782,2.36521612577253,2.99257766686512,1.78989613541534
"X.Aerococcaceae.",0,0,0,1.7739120943294,0,1.78989613541534
"Aerococcus",0,0.667763269482736,0.856397924967782,3.5478241886588,0,2.68484420312301
"Aeromicrobium",0,5.34210615586189,0,4.13912822010193,0,3.57979227083068
"X.Aeromonadales.",0,0,0,0,0,0
"Aeromonas",0,0,0,0,0,0
"Afipia",0,2.00328980844821,3.42559169987113,1.18260806288627,0,0.89494806770767
"X.Agaricales.",0,0,0.856397924967782,0,2.99257766686512,0
"X.Agaricomycetes.",0,0.667763269482736,1.71279584993556,0,0,0
"Agaricus",0,0,0,0,0,0
"Agarivorans",0,0,0,0,0,0
"Aggregatibacter",0,0.667763269482736,0,0,0,0
"Agrius",0,0,0,0,0,0
"Agrobacterium",0,46.7434288637915,45.3890900232924,177.982513464383,8.97773300059537,136.032106291566
"Agrococcus",0,9.34868577275831,10.2767750996134,6.50434434587446,2.99257766686512,5.36968840624602
"Agrotis",5.20667667252114,0,0,0,0,0
"Ahjdlikevirus",0,0,0,1.7739120943294,0,1.78989613541534
"Ahrensia",0,0,0.856397924967782,0.591304031443133,0,0
"Ajellomyces",0,0,0,1.7739120943294,2.99257766686512,1.78989613541534
"Akkermansia",0,1.33552653896547,0,1.18260806288627,2.99257766686512,1.78989613541534
"Albugo",0,0,0.856397924967782,0,0,0
"X.Alcaligenaceae.",0,0,0,3.5478241886588,0,2.68484420312301
"Alcaligenes",0,0,0,0,0,0
"Alcanivorax",0,1.33552653896547,0,0,0,0
"Algoriphagus",0,0,4.28198962483891,1.18260806288627,2.99257766686512,1.78989613541534
"Alicycliphilus",0,18.6973715455166,0,19.5130330376234,0,14.3191690833227
"X.Alicyclobacillaceae.",0,1.33552653896547,0,1.7739120943294,0,1.78989613541534
"Alicyclobacillus",0,2.00328980844821,0,0.591304031443133,0,0
"Aliivibrio",0,0,0,0.591304031443133,0,0
"Alishewanella",0,0,1.71279584993556,0,0,0
"Alistipes",0,0.667763269482736,1.71279584993556,8.27825644020386,0,6.26463647395369
"Alkalibacterium",20.8267066900846,4.67434288637915,5.99478547477447,11.2347765974195,2.99257766686512,8.9494806770767
"Alkalilimnicola",0,0,0,1.18260806288627,0,0.89494806770767
"Alkalimonas",0,0,0,0,0,0
"Alkaliphilus",5.20667667252114,0,0,1.7739120943294,0,1.78989613541534
"Allochromatium",0,0,0,1.18260806288627,0,0.89494806770767
"Alloiococcus",0,0.667763269482736,0.856397924967782,0.591304031443133,2.99257766686512,0.89494806770767
"Alloprevotella",0,0,0,0,0,0
"Alloscardovia",0,0,0,0,0,0
"X.Alphaproteobacteria.",0,1143.21071735444,1438.74851394587,1960.76416826543,532.678824701992,1563.4742742853
"Alternaria",0,6.67763269482736,2.56919377490335,2.95652015721566,23.940621334921,5.36968840624602
"X.Alteromonadaceae.",0,0,0,0,0,0
"X.Alteromonadales.",0,0.667763269482736,0.856397924967782,2.36521612577253,2.99257766686512,1.78989613541534
"Alteromonas",5.20667667252114,0,0,1.18260806288627,0,0.89494806770767
"Amblyomma",0,0.667763269482736,0.856397924967782,0,0,0
"Aminobacterium",0,0,0,0.591304031443133,0,0
"Aminomonas",0,0,0,0,0,0
"Ammonifex",0,0,0.856397924967782,1.7739120943294,0,1.78989613541534
"X.Amoebophilaceae.",0,0,0,0,0,0
"Amphibacillus",0,1.33552653896547,1.71279584993556,1.18260806288627,0,0.89494806770767
"Amphimedon",0,0,0,0.591304031443133,0,0
"Amycolatopsis",0,0,0,0,0,0
"Amycolicicoccus",0,1.33552653896547,2.56919377490335,2.36521612577253,0,1.78989613541534
"Anabaena",0,2.67105307793094,2.56919377490335,0,2.99257766686512,0
"Anaerobaculum",0,0,0,0,0,0
"Anaerococcus",0,6.00986942534462,1.71279584993556,4.13912822010193,0,3.57979227083068
"Anaerofustis",0,0,0,0,0,0
"Anaeroglobus",0,0,0,0,0,0
"Anaerolinea",5.20667667252114,2.67105307793094,13.7023667994845,10.0521685345333,0,7.15958454166136
"Anaeromyxobacter",5.20667667252114,5.34210615586189,3.42559169987113,2.95652015721566,2.99257766686512,2.68484420312301
"Anaerostipes",0,0,0,0,0,0
"Anaerotruncus",0,0.667763269482736,0,1.18260806288627,0,0.89494806770767
"Anaplasma",0,0,0,0,0,0
"X.Anaplasmataceae.",0,0,0,0,0,0
"Aneurinibacillus",0,0.667763269482736,0,0.591304031443133,0,0
"Angomonas",0,0,0,0,0,0
"Annulohypoxylon",0,0,0.856397924967782,0,0,0
"Anopheles",0,0,1.71279584993556,1.18260806288627,0,0.89494806770767
"Anoplophora",5.20667667252114,0,0,0,0,0
"Anoxybacillus",0,0,0,0,0,0
"Aphanomyces",0,0,0,0,0,0
"X.Aphididae.",0,0,0,0,0,0
"Aphrocallistes",0,0,0,0,0,0
"X.Apicomplexa.",0,0,0,0,0,0
"Apis",0,0,0,0,0,0
"Aquabacterium",0,0,0,0.591304031443133,0,0
"Aquamicrobium",0,0,0.856397924967782,0,0,0
"Aquifex",0,0,0,0,0,0
"X.Aquificaceae.",0,0,0.856397924967782,0,0,0
"X.Aquificae.",0,0,0,0,0,0
"X.Aquificales.",0,0.667763269482736,0,0,0,0
"Aquimarina",0,3.33881634741368,0,0.591304031443133,0,0
"X.Arachnida.",0,0,0,0,0,0
"X.Araneae.",0,0,0,0,0,0
"Arcanobacterium",0,0.667763269482736,0.856397924967782,0,0,0
"X.Archaea.",109.340210122944,116.858572159479,156.720820269104,201.043370690665,47.881242669842,159.300756051965
"Archaeoglobus",0,0.667763269482736,0,0,0,0
"Archiearis",0,0,0,0,0,0
"Arcobacter",0,0,0.856397924967782,0,0,0
"Arcticibacter",0,9.34868577275831,3.42559169987113,9.46086450309012,0,7.15958454166136
"X.Armatimonadetes.",0,0,0.856397924967782,3.5478241886588,0,2.68484420312301
"Aromatoleum",0,2.00328980844821,0,2.95652015721566,0,1.78989613541534
"Arsenophonus",0,0,0,0,8.97773300059537,1.78989613541534
"Arthrobacter",0,361.25992879016,306.590457138466,238.295524671582,1568.11069743732,415.255903416359
"Arthroderma",0,0,0,0,0,0
"X.Arthrodermataceae.",0,0,0,0,0,0
"X.Arthropoda.",15.6200300175634,1.33552653896547,0,1.7739120943294,0,1.78989613541534
"Arthrospira",0,0,0,0,0,0
"Asaia",5.20667667252114,0.667763269482736,7.70758132471004,8.27825644020386,0,6.26463647395369
"X.Ascomycota.",72.893473415296,611.671154846186,656.000810525321,444.069327613793,421.953451027982,399.146838197621
"X.Aspergillaceae.",0,0,0,0,0,0
"Aspergillus",0,0,0,0,0,0
"Asticcacaulis",0,4.67434288637915,4.28198962483891,16.5565128804077,0,12.5292729479074
"Atopobium",0,0,0,0,0,0
"Atta",0,0,0,0,0,0
"X.Aurantimonadaceae.",0,0,0,0,0,0
"Aurantimonas",0,0,0,1.7739120943294,0,1.78989613541534
"Aureobasidium",0,0,0.856397924967782,0.591304031443133,0,0
"Aureococcus",0,0,0,0,2.99257766686512,0
"Austwickia",0,0,2.56919377490335,2.36521612577253,0,1.78989613541534
"Avibacterium",0,0,0,0,0,0
"Azoarcus",0,0,0,1.18260806288627,0,0.89494806770767
"Azohydromonas",0,0,0,0,0,0
"Azorhizobium",15.6200300175634,0.667763269482736,1.71279584993556,4.73043225154506,0,3.57979227083068
"Azospira",0,0,0,0,0,0
"Azospirillum",135.37359348555,11.3519755812065,17.1279584993556,21.2869451319528,5.98515533373025,17.0040132864457
"Azotobacter",0,0,0,0,0,0
"X.Bacillaceae.",0,145.572392747236,43.6762941733569,80.417348276266,0,60.8564686041216
"X.Bacillales.",0,276.453993565853,116.470117795618,173.252081212838,0,130.66241788532
"X.Bacillariophyceae.",0,0,0,0,0,0
"X.Bacillariophyta.",0,0,0,0,0,0
"X.Bacilli.",46.8600900526903,49.4144819417225,91.6345779715527,86.9216926221405,5.98515533373025,66.2261570103676
"Bacillus",0,482.792843836018,126.746892895232,175.61729733861,0,132.452314020735
"X.Bacteria.",0,4542.12575902157,4538.90900232924,5034.95382773827,218.458169681154,3842.90700273674
"Bacteriovorax",10.4133533450423,4.67434288637915,5.13838754980669,7.68695240876072,11.9703106674605,7.15958454166136
"X.Bacteroidales.",0,75.4572494515492,43.6762941733569,106.434725659764,23.940621334921,84.125118364521
"Bacteroides",0,54.7565880975844,28.2611315239368,60.3130112071995,14.9628883343256,48.3271956562142
"X.Bacteroidetes.",0,2737.82940487922,582.350588978092,1801.11207977578,0,1363.00590711878
"Bactrocera",10.4133533450423,0,0,0.591304031443133,0,0
"Badnavirus",0,0,0,1.7739120943294,0,1.78989613541534
"Barnesiella",0,0.667763269482736,0,0.591304031443133,0,0
"Bartonella",10.4133533450423,1.33552653896547,8.56397924967782,1.7739120943294,0,1.78989613541534
"Basfia",0,0,0,0,0,0
"X.Basidiomycota.",0,15.3585551981029,13.7023667994845,27.7912894778272,0,21.4787536249841
"Batrachochytrium",0,0,0,0,0,0
"Baudoinia",0,0,5.13838754980669,2.36521612577253,0,1.78989613541534
"Bdellovibrio",0,4.67434288637915,7.70758132471004,9.46086450309012,0,7.15958454166136
"X.Bdellovibrionales.",0,2.00328980844821,0,1.7739120943294,0,1.78989613541534
"Beauveria",0,0,0,0.591304031443133,0,0
"Beenakia",0,0,0,0,0,0
"Beggiatoa",0,0.667763269482736,0.856397924967782,3.5478241886588,0,2.68484420312301
"Beijerinckia",0,0,0,0,0,0
"X.Beijerinckiaceae.",0,0,0,0,0,0
"Belliella",5.20667667252114,0.667763269482736,0,1.18260806288627,2.99257766686512,1.78989613541534
"Bergeyella",0,6.67763269482736,0,0,0,0
"Bermanella",0,0,0,0,0,0
"X.Betaproteobacteria.",0,395.31585553378,0,717.843094171963,0,543.233477098556
"Beutenbergia",0,4.67434288637915,0,0.591304031443133,0,0
"Bhargavaea",5.20667667252114,0,2.56919377490335,2.95652015721566,0,1.78989613541534
"Bibersteinia",0,0,0,0,0,0
"X.Bifidobacteriaceae.",0,2.00328980844821,0.856397924967782,0.591304031443133,0,0
"Bifidobacterium",0,2.67105307793094,4.28198962483891,4.13912822010193,0,3.57979227083068
"Bilophila",0,0,0,0.591304031443133,0,0
"Bipolaris",41.6534133801691,33.3881634741368,40.2507024734857,27.1999854463841,2.99257766686512,21.4787536249841
"Bizionia",0,1.33552653896547,0,1.18260806288627,0,0.89494806770767
"Blastococcus",0,27.3782940487922,33.3995190737435,34.2956338237017,0,25.9534939635224
"Blastomonas",0,0,3.42559169987113,10.6434725659764,0,8.05453260936903
"Blastopirellula",0,2.00328980844821,0,0.591304031443133,0,0
"Blattabacterium",0,0.667763269482736,0,0,0,0
"Blautia",0,2.00328980844821,0.856397924967782,1.7739120943294,0,1.78989613541534
"Blumeria",0,0,0,0,0,0
"Bombyx",26.0333833626057,0,0,0.591304031443133,0,0
"Bordetella",0,0,0,0,0,0
"Borrelia",0,0,0,0.591304031443133,0,0
"X.Botryosphaeriaceae.",0,0.667763269482736,0,1.7739120943294,0,1.78989613541534
"Botrytis",0,0,0,0,0,0
"Brachybacterium",0,14.0230286591375,19.697152274259,13.0086886917489,20.9480436680559,12.5292729479074
"Brachyspira",0,0,0,0.591304031443133,0,0
"X.Bradyrhizobiaceae.",0,0,0,0,0,0
"Bradyrhizobium",124.960240140507,0,0,0,0,0
"Brahmaea",0,0,0,0,0,0
"Brenneria",0,0,0,0,0,0
"Brevibacillus",0,0,5.13838754980669,2.95652015721566,0,1.78989613541534
"Brevibacterium",0,4.67434288637915,3.42559169987113,1.7739120943294,0,1.78989613541534
"Brevundimonas",0,15.3585551981029,45.3890900232924,39.6173701066899,14.9628883343256,32.2181304374761
"Brochothrix",0,0,0,0,0,0
"Brucella",0,0,0,0,0,0
"X.Brucellaceae.",0,0,0,0,0,0
"Buchnera",0,0,0,0,0,0
"Burkholderia",0,0,0,0,0,0
"X.Burkholderiaceae.",0,0,0,0,0,0
"X.Burkholderiales.",0,1497.12525018029,0,2283.61616943338,0,1728.14471874351
"Butyricicoccus",0,0,0,0,0,0
"Butyrivibrio",0,1.33552653896547,0,0,0,0
"Byssochlamys",0,0,0,0,0,0
"Caenispirillum",0,0,0,2.36521612577253,0,1.78989613541534
"Caenorhabditis",0,0,0,1.7739120943294,0,1.78989613541534
"Caldalkalibacillus",0,1.33552653896547,1.71279584993556,1.18260806288627,0,0.89494806770767
"Caldanaerobacter",0,0,0,0,0,0
"Caldicellulosiruptor",0,0.667763269482736,1.71279584993556,0,0,0
"Caldilinea",0,12.0197388506892,21.4099481241945,15.9652088489646,5.98515533373025,12.5292729479074
"Calditerrivibrio",0,0,0,0,0,0
"Caldithrix",0,0,0,0,0,0
"Caligus",0,0.667763269482736,0,0,0,0
"Caloramator",0,0.667763269482736,0.856397924967782,0.591304031443133,0,0
"Calothrix",0,6.00986942534462,0.856397924967782,1.7739120943294,0,1.78989613541534
"Camponotus",0,0,0,0,0,0
"Campylobacter",0,0,0,0,0,0
"X.Campylobacteraceae.",0,0,0.856397924967782,0,0,0
"X.Campylobacterales.",0,0.667763269482736,0.856397924967782,1.18260806288627,0,0.89494806770767
"Candida",0,0,0,0,0,0
"Candidatus_Accumulibacter",0,2.67105307793094,0,13.5999927231921,0,10.739376812492
"Candidatus_Acetothermum",0,2.00328980844821,1.71279584993556,0.591304031443133,0,0
"Candidatus_Actinomarina",0,0,0,1.7739120943294,0,1.78989613541534
"Candidatus_Amoebophilus",0,0.667763269482736,0,0,0,0
"Candidatus_Aquiluna",0,0,0,0,0,0
"Candidatus_Arthromitus",0,0,0.856397924967782,0,0,0
"Candidatus_Atelocyanobacterium",0,0,0,0,0,0
"Candidatus_Azobacteroides",0,0,0,0.591304031443133,0,0
"Candidatus_Caldiarchaeum",0,1.33552653896547,0.856397924967782,0,0,0
"Candidatus_Cardinium",0,0,0,0,0,0
"Candidatus_Chloracidobacterium",0,5.34210615586189,10.2767750996134,6.50434434587446,2.99257766686512,5.36968840624602
"Candidatus_Cloacimonas",0,0,0,0,0,0
"Candidatus_Competibacter",0,2.67105307793094,1.71279584993556,1.18260806288627,0,0.89494806770767
"Candidatus_Contendobacter",0,0,0.856397924967782,0,0,0
"Candidatus_Desulforudis",0,1.33552653896547,0.856397924967782,0,2.99257766686512,0
"Candidatus_Endolissoclinum",0,0,0,0,0,0
"Candidatus_Entotheonella",0,34.7236900131023,28.2611315239368,33.1130257608154,0,25.0585458958148
"Candidatus_Glomeribacter",0,0,0,0,0,0
"Candidatus_Hamiltonella",0,0,0,0,0,0
"Candidatus_Ishikawaella",0,0,0,0,0,0
"Candidatus_Koribacter",0,0,0,0,0,0
"Candidatus_Kuenenia",0,0,0,0.591304031443133,0,0
"Candidatus_Methylomirabilis",0,0,2.56919377490335,0,0,0
"Candidatus_Micrarchaeum",0,0,0,0,0,0
"Candidatus_Microthrix",0,11.3519755812065,15.4151626494201,11.2347765974195,0,8.9494806770767
"Candidatus_Midichloria",0,0.667763269482736,0,0,0,0
"Candidatus_Moranella",0,0,0,0,0,0
"Candidatus_Nicolleia",0,0,0,0,0,0
"Candidatus_Nitrosoarchaeum",0,0.667763269482736,2.56919377490335,2.95652015721566,2.99257766686512,2.68484420312301
"Candidatus_Pelagibacter",0,0.667763269482736,0,1.18260806288627,0,0.89494806770767
"Candidatus_Phytoplasma",0,0,0,0,0,0
"Candidatus_Profftella",0,0,0,0,0,0
"Candidatus_Protochlamydia",0,0,0,0.591304031443133,0,0
"Candidatus_Puniceispirillum",0,0,0,0,0,0
"Candidatus_Regiella",0,0,0,0,0,0
"X.Candidatus_Saccharibacteria.",0,18.0296082760339,5.99478547477447,46.1217144525643,122.69568434147,53.6968840624602
"Candidatus_Saccharimonas",0,0,0.856397924967782,3.5478241886588,17.9554660011907,5.36968840624602
"Candidatus_Solibacter",0,0,0,0,0,0
"Candidatus_Sulcia",0,0,0,0,0,0
"Candidatus_Symbiobacter",0,0,0,0.591304031443133,0,0
"Cantharellus",0,0,0,0,0,0
"Capitella",5.20667667252114,2.67105307793094,0.856397924967782,0.591304031443133,2.99257766686512,0.89494806770767
"Capnocytophaga",0,4.67434288637915,0,1.7739120943294,0,1.78989613541534
"X.Capnodiales.",0,10.6842123117238,24.8355398240657,10.0521685345333,0,7.15958454166136
"Capronia",0,0,0.856397924967782,0,0,0
"Carboxydothermus",0,0,0.856397924967782,1.18260806288627,0,0.89494806770767
"Cardiobacterium",0,0,0,0,0,0
"X.Carnobacteriaceae.",5.20667667252114,6.00986942534462,5.13838754980669,3.5478241886588,0,2.68484420312301
"Carnobacterium",0,2.67105307793094,0.856397924967782,2.36521612577253,0,1.78989613541534
"Castellaniella",0,0,0,0,0,0
"Catellicoccus",0,0,0,0,0,0
"Catenovulum",0,0,0.856397924967782,0,0,0
"Catenulispora",0,0,0,0,0,0
"Catonella",0,0,0,0,0,0
"X.Caudovirales.",0,0,0,0,0,0
"Caulobacter",0,8.01315923379283,2.56919377490335,31.9304176979292,0,24.1635978281071
"X.Caulobacteraceae.",0,5.34210615586189,17.9843564243234,21.2869451319528,0,16.1090652187381
"Cecembia",0,0.667763269482736,0,0,0,0
"Cedecea",0,0,1.71279584993556,0,0,0
"Celeribacter",0,0,0.856397924967782,0,0,0
"X.Cellulomonadaceae.",0,0.667763269482736,2.56919377490335,1.18260806288627,0,0.89494806770767
"Cellulomonas",0,3.33881634741368,10.2767750996134,2.36521612577253,0,1.78989613541534
"Cellulophaga",0,0,0,0,0,0
"Cellulosilyticum",0,0,0,0,0,0
"Cellulosimicrobium",0,0,0,0,0,0
"Cellvibrio",0,0,0,1.7739120943294,0,1.78989613541534
"Centipeda",0,1.33552653896547,0,0,0,0
"Cerapachys",0,0,0,0,0,0
"Ceratitis",0,0,0,0,11.9703106674605,1.78989613541534
"Ceratocystis",0,0,0,0.591304031443133,0,0
"Cerebratulus",0,0,0,0,0,0
"Ceriporiopsis",0,0,0,0,0,0
"Cesiribacter",0,6.00986942534462,2.56919377490335,5.91304031443133,0,4.47474033853835
"Cetobacterium",0,0,0,0,0,0
"X.Chaetomiaceae.",0,0,1.71279584993556,0.591304031443133,0,0
"Chaetomium",0,1.33552653896547,0,0,0,0
"X.Chaetothyriales.",0,0.667763269482736,0,0.591304031443133,0,0
"Chamaesiphon",0,0,0.856397924967782,1.18260806288627,0,0.89494806770767
"Chelativorans",0,0,0,1.7739120943294,0,1.78989613541534
"Chitinophaga",0,10.016449042241,5.99478547477447,17.1478169118508,0,12.5292729479074
"Chlamydia",0,0,0,0,0,0
"X.Chlamydiaceae.",0,0,0,0,0,0
"X.Chlamydiales.",0,0,0,0,0,0
"Chlorobaculum",0,0,0,0,0,0
"X.Chlorobiaceae.",0,0,0,0.591304031443133,0,0
"Chlorobium",5.20667667252114,0.667763269482736,0,1.18260806288627,5.98515533373025,1.78989613541534
"X.Chloroflexales.",0,6.00986942534462,9.4203771746456,2.36521612577253,5.98515533373025,2.68484420312301
"X.Chloroflexi.",0,16.6940817370684,42.8198962483891,30.7478096350429,0,23.2686497603994
"X.Chloroflexia.",0,3.33881634741368,6.85118339974226,6.50434434587446,0,5.36968840624602
"Chloroflexus",5.20667667252114,2.67105307793094,8.56397924967782,7.68695240876072,2.99257766686512,6.26463647395369
"Chloroherpeton",0,0.667763269482736,0.856397924967782,0.591304031443133,0,0
"Chlorovirus",0,0,0.856397924967782,0,0,0
"Chondromyces",0,2.67105307793094,0,0.591304031443133,0,0
"Chondrus",0,0,0,0,0,0
"X.Chromadorea.",0,0,0,0,0,0
"X.Chromatiaceae.",5.20667667252114,1.33552653896547,0,0,0,0
"X.Chromatiales.",0,0,2.56919377490335,0,0,0
"Chromobacterium",0,0,0,0,0,0
"Chromohalobacter",0,0.667763269482736,0.856397924967782,1.18260806288627,0,0.89494806770767
"X.Chroococcales.",0,0.667763269482736,4.28198962483891,0.591304031443133,2.99257766686512,0.89494806770767
"Chroococcidiopsis",0,2.00328980844821,1.71279584993556,3.5478241886588,0,2.68484420312301
"Chryseobacterium",0,2458.03659496595,12.8459688745167,1255.92976278521,0,950.434847905546
"Chthoniobacter",0,0,5.13838754980669,6.50434434587446,0,5.36968840624602
"Chthonomonas",0,0,0,0,0,0
"Citreicella",0,0.667763269482736,0,0.591304031443133,0,0
"Citrobacter",0,6.67763269482736,14.5587647244523,0,0,0
"Cladonia",0,0,0,0,0,0
"Cladophialophora",0,0,0,0,0,0
"Cladosporium",0,0,0.856397924967782,0,0,0
"Clavibacter",0,14.0230286591375,6.85118339974226,17.739120943294,11.9703106674605,15.2141171510304
"Claviceps",0,0,0,0,0,0
"X.Clavicipitaceae.",0,0,0,0,0,0
"Clavispora",0,0,0,0,0,0
"Clonorchis",0,0,0.856397924967782,0,0,0
"X.Clostridia.",0,12.0197388506892,12.8459688745167,6.50434434587446,0,5.36968840624602
"X.Clostridiaceae.",5.20667667252114,5.34210615586189,1.71279584993556,1.7739120943294,5.98515533373025,1.78989613541534
"X.Clostridiales.",31.2400600351269,45.4079023248261,35.9687128486468,93.426036968015,29.9257766686512,75.1756376874443
"X.Clostridiales_Family_XIII._Incertae_Sedis.",5.20667667252114,1.33552653896547,0.856397924967782,0,0,0
"X.Clostridiales_Family_XI._Incertae_Sedis.",0,0,0,0,0,0
"Clostridium",5.20667667252114,18.0296082760339,15.4151626494201,38.4347620438036,0,28.6383381666454
"Coccidioides",0,0,0,0,0,0
"Coccinella",0,0,0,0,0,0
"X.Coccinellidae.",0,0,0,0,0,0
"Coleofasciculus",0,0.667763269482736,0,2.36521612577253,0,1.78989613541534
"X.Coleoptera.",0,0,0,0,0,0
"Colletotrichum",0,1.33552653896547,3.42559169987113,0.591304031443133,0,0
"Collimonas",0,0,0,0.591304031443133,0,0
"Collinsella",0,0,0,0,0,0
"Colwellia",0,0,0,0,0,0
"X.Comamonadaceae.",1369.35596487306,4004.57632708797,271.478142214787,5747.47518562725,0,4349.44760905928
"Comamonas",0,0,0,0,0,0
"Commensalibacter",20.8267066900846,0,0,0.591304031443133,0,0
"Conexibacter",0,96.8256740749967,137.880065919813,75.0956119932778,0,57.2766763332909
"Congregibacter",0,0,0,0.591304031443133,0,0
"Coniosporium",0,0,1.71279584993556,0.591304031443133,0,0
"Coprinopsis",0,0,0.856397924967782,1.18260806288627,0,0.89494806770767
"Coprobacillus",0,0,1.71279584993556,0.591304031443133,0,0
"Coprococcus",0,1.33552653896547,0,0.591304031443133,0,0
"Coprothermobacter",0,1.33552653896547,0,0,0,0
"Coptotermes",0,0,0,0,0,0
"Coraliomargarita",0,0,0,0,0,0
"Corallococcus",0,4.67434288637915,0,2.95652015721566,0,1.78989613541534
"Cordyceps",0,0,0,0,0,0
"X.Cordycipitaceae.",0,0,0,0,0,0
"Corethrella",0,0,0,0,0,0
"X.Coriobacteriaceae.",10.4133533450423,0.667763269482736,2.56919377490335,7.09564837731759,2.99257766686512,5.36968840624602
"X.Corynebacteriaceae.",0,9.34868577275831,13.7023667994845,18.9217290061802,14.9628883343256,16.1090652187381
"Corynebacterium",0,357.921112442747,403.363422659825,428.695422796271,320.205810354568,372.298396166391
"Coxiella",0,0,0.856397924967782,0,0,0
"X.Coxiellaceae.",0,0,0,0,0,0
"Crassostrea",0,0,0,0,0,0
"X.Crenarchaeota.",0,2.67105307793094,2.56919377490335,11.2347765974195,0,8.9494806770767
"Crinalium",0,0.667763269482736,1.71279584993556,4.13912822010193,0,3.57979227083068
"Crithidia",0,0,0,0,0,0
"Croceibacter",0,0,0,0,0,0
"Crocosphaera",0,1.33552653896547,0,0.591304031443133,0,0
"Cronobacter",0,0,14.5587647244523,0,0,0
"Cryphonectria",0,0.667763269482736,0,0,0,0
"Cryptobacterium",0,0,0.856397924967782,0,0,0
"Cryptococcus",0,0,0,0,0,0
"Cryptosporangium",0,2.67105307793094,0,2.95652015721566,0,1.78989613541534
"Culex",0,0,0,0,0,0
"X.Culicidae.",0,0,0,0,0,0
"Cupriavidus",0,0,0,0,0,0
"Curtobacterium",0,3.33881634741368,0,0,0,0
"Curvibacter",0,8.68092250327557,0,10.6434725659764,0,8.05453260936903
"Curvularia",0,0,0,0,0,0
"Cyanidioschyzon",0,0,0,0,0,0
"X.Cyanobacteria.",0,87.4769883022384,88.2089862716815,109.39124581698,56.8589756704373,91.2847029061824
"Cyanobacterium",0,0,0,0,0,0
"Cyanobium",0,1.33552653896547,0,0.591304031443133,0,0
"Cyanothece",0,5.34210615586189,5.13838754980669,4.73043225154506,0,3.57979227083068
"X.Cyclobacteriaceae.",0,5.34210615586189,8.56397924967782,9.46086450309012,0,7.15958454166136
"Cyclobacterium",0,0,1.71279584993556,4.13912822010193,0,3.57979227083068
"Cycloclasticus",0,0,2.56919377490335,0,2.99257766686512,0
"Cylindrospermopsis",0,0,0,0,2.99257766686512,0
"Cylindrospermum",0,0,0,0,0,0
"Cyphellophora",0,0,0,0.591304031443133,0,0
"Cystobacter",0,11.3519755812065,2.56919377490335,7.09564837731759,2.99257766686512,5.36968840624602
"X.Cystobacteraceae.",0,4.00657961689642,1.71279584993556,2.36521612577253,0,1.78989613541534
"Cytophaga",0,0.667763269482736,0,0,0,0
"X.Cytophagaceae.",109.340210122944,102.167780230859,60.8042526727125,101.112989376776,11.9703106674605,78.755429958275
"X.Cytophagales.",15.6200300175634,103.503306769824,98.4857613712949,153.147744143771,44.8886650029769,122.607885275951
"X.Cytophagia.",0,0,0,0,0,0
"Dacryopinax",0,0,0,0,0,0
"Dactylellina",0,0,0,0,0,0
"Dactylococcopsis",0,0,0,0,0,0
"Daldinia",0,0,0,0,0,0
"Danaus",20.8267066900846,0,0,0,0,0
"Daphnia",0,1.33552653896547,0,0,0,0
"Davidiella",0,0,0,0,0,0
"Debaryomyces",0,0,0,0,0,0
"X.Debaryomycetaceae.",0,0,0,0,0,0
"Dechloromonas",0,0,0,0,0,0
"Deferribacter",0,0,0,0,0,0
"X.Deferribacteraceae.",0,0,0,0,0,0
"Defluviimonas",0,1.33552653896547,0.856397924967782,1.18260806288627,0,0.89494806770767
"Dehalobacter",0,0.667763269482736,0.856397924967782,0,0,0
"Dehalococcoides",0,0,0,0.591304031443133,0,0
"X.Dehalococcoidia.",0,0.667763269482736,0,0.591304031443133,0,0
"Dehalogenimonas",0,2.67105307793094,0.856397924967782,1.7739120943294,0,1.78989613541534
"X.Deinococcales.",0,1.33552653896547,1.71279584993556,1.18260806288627,0,0.89494806770767
"X.Deinococci.",0,3.33881634741368,1.71279584993556,9.46086450309012,8.97773300059537,8.9494806770767
"Deinococcus",0,24.7072409708612,22.2663460491623,33.7043297922586,71.821864004763,35.7979227083068
"X.Deinococcus.Thermus.",0,0,0,0,0,0
"Delftia",0,54.7565880975844,3.42559169987113,125.356454665944,0,94.864495177013
"X.Deltaproteobacteria.",0,3.33881634741368,11.1331730245812,11.2347765974195,0,8.9494806770767
"Dendroctonus",0,0,1.71279584993556,1.18260806288627,0,0.89494806770767
"Denitrovibrio",0,0,0,0,0,0
"Dermabacter",0,1.33552653896547,0,0,0,0
"X.Dermabacteraceae.",0,0.667763269482736,0,0,0,0
"X.Dermacoccaceae.",0,0,0,0,0,0
"Dermacoccus",0,0,0,1.18260806288627,0,0.89494806770767
"X.Dermatophilaceae.",0,0.667763269482736,1.71279584993556,0.591304031443133,0,0
"Desmospora",0,0,5.13838754980669,1.18260806288627,0,0.89494806770767
"Desulfarculus",0,0,0.856397924967782,0.591304031443133,0,0
"Desulfatibacillum",0,0.667763269482736,0.856397924967782,0.591304031443133,0,0
"Desulfitobacterium",0,0,0,0.591304031443133,0,0
"Desulfobacca",0,2.67105307793094,0,0,0,0
"Desulfobacter",0,0,0,0.591304031443133,0,0
"X.Desulfobacteraceae.",0,0,0.856397924967782,0,0,0
"X.Desulfobacterales.",0,0,0,0,0,0
"Desulfobacterium",0,0,2.56919377490335,1.18260806288627,0,0.89494806770767
"Desulfobacula",0,0,1.71279584993556,0.591304031443133,0,0
"X.Desulfobulbaceae.",0,0,0.856397924967782,0,0,0
"Desulfocapsa",0,0,0,0,0,0
"Desulfococcus",5.20667667252114,0.667763269482736,0.856397924967782,0.591304031443133,0,0
"Desulfofustis",0,0,0,1.18260806288627,0,0.89494806770767
"Desulfohalobium",0,0,0,0,0,0
"Desulfomicrobium",0,0,0,1.18260806288627,5.98515533373025,1.78989613541534
"Desulfomonile",0,0,1.71279584993556,1.18260806288627,0,0.89494806770767
"Desulfonatronospira",0,0.667763269482736,0.856397924967782,1.18260806288627,0,0.89494806770767
"Desulfosporosinus",0,0,1.71279584993556,0,0,0
"Desulfotignum",0,0,0,0.591304031443133,0,0
"Desulfotomaculum",0,2.00328980844821,5.99478547477447,2.95652015721566,0,1.78989613541534
"Desulfovibrio",0,0,2.56919377490335,2.36521612577253,0,1.78989613541534
"X.Desulfovibrionales.",0,1.33552653896547,0,0.591304031443133,0,0
"Desulfurispirillum",0,0,0.856397924967782,0.591304031443133,0,0
"Desulfurivibrio",0,0.667763269482736,0.856397924967782,1.18260806288627,2.99257766686512,1.78989613541534
"Desulfurobacterium",0,1.33552653896547,0.856397924967782,0,0,0
"X.Desulfuromonadales.",0,0,0,0,0,0
"Desulfuromonas",0,0,0.856397924967782,0,0,0
"Dethiobacter",0,0,0.856397924967782,0.591304031443133,2.99257766686512,0.89494806770767
"Devosia",0,2.67105307793094,2.56919377490335,4.73043225154506,0,3.57979227083068
"Dialister",5.20667667252114,0,0,0.591304031443133,0,0
"Diaphorina",0,0,0,0.591304031443133,0,0
"Dichelobacter",0,0,0,0,2.99257766686512,0
"Dichomitus",0,0,1.71279584993556,0,0,0
"Dickeya",5.20667667252114,0,2.56919377490335,0.591304031443133,0,0
"Dictyoglomus",0,1.33552653896547,0,0,0,0
"X.Dictyosteliida.",0,0,0,0,0,0
"Dictyostelium",0,0,0,0,0,0
"Dietzia",15.6200300175634,81.4671188768938,69.3682319223903,109.39124581698,80.7995970053583,94.864495177013
"Dinoroseobacter",0,0.667763269482736,0,0,0,0
"X.Dipodascaceae.",0,0,0,0,0,0
"X.Diptera.",0,0,0,0,17.9554660011907,2.68484420312301
"Dokdonia",0,0,0,0,0,0
"Dolosigranulum",5.20667667252114,0.667763269482736,0.856397924967782,1.18260806288627,0,0.89494806770767
"Dorea",0,0,0,0.591304031443133,0,0
"X.Dothideomycetes.",10.4133533450423,60.0986942534462,47.9582837981958,23.0608572262822,80.7995970053583,29.5332862343531
"Draconibacterium",5.20667667252114,0.667763269482736,0.856397924967782,0,0,0
"Drechslerella",0,0,0,0,0,0
"Drosophila",0,0,0,0,2.99257766686512,0
"Dyadobacter",0,7.3453959643101,7.70758132471004,30.1565056035998,0,23.2686497603994
"Dyella",0,0,0,0,0,0
"Dysgonomonas",0,2.67105307793094,0,0,0,0
"Echinicola",0,1.33552653896547,0.856397924967782,0.591304031443133,0,0
"Echinococcus",0,0,0,1.18260806288627,0,0.89494806770767
"Ectothiorhodospira",0,0,0,0,0,0
"X.Ectothiorhodospiraceae.",0,1.33552653896547,0,1.7739120943294,2.99257766686512,1.78989613541534
"Edwardsiella",0,0,0,0,0,0
"Eggerthella",0,0,0.856397924967782,1.18260806288627,0,0.89494806770767
"Eimeria",0,0,0,0,0,0
"Elizabethkingia",0,52.7532982891362,0,35.478241886588,0,26.8484420312301
"Elusimicrobium",0,2.00328980844821,0.856397924967782,1.7739120943294,0,1.78989613541534
"Emiliania",0,0,0,0,0,0
"Emticicia",0,2.00328980844821,0.856397924967782,5.91304031443133,0,4.47474033853835
"Encephalitozoon",0,0,0,0,0,0
"Endocarpon",0,0,0,0,0,0
"Enhydrobacter",0,0,0,0,0,0
"Ensifer",0,1.33552653896547,2.56919377490335,1.7739120943294,0,1.78989613541534
"Entamoeba",0,0,4.28198962483891,1.18260806288627,11.9703106674605,2.68484420312301
"Enterobacter",0,82.8026454158593,1793.29725488254,58.5390991128701,0,44.7474033853835
"X.Enterobacteriaceae.",0,765.924470096698,11290.7502427752,883.999527007483,0,669.421154645337
"X.Enterococcaceae.",0,0,58.2350588978092,1.7739120943294,0,1.78989613541534
"Enterococcus",0,4.00657961689642,178.130768393299,5.91304031443133,0,4.47474033853835
"Epicoccum",0,0,0,0,0,0
"X.Epsilonproteobacteria.",0,0,0.856397924967782,0,0,0
"Eremococcus",5.20667667252114,0,0.856397924967782,2.36521612577253,0,1.78989613541534
"Erwinia",0,0,0,2.36521612577253,0,1.78989613541534
"Erysipelothrix",0,0,0,0,0,0
"X.Erysipelotrichaceae.",0,1.33552653896547,0,0,0,0
"Erythrobacter",0,5.34210615586189,14.5587647244523,16.5565128804077,0,12.5292729479074
"Escherichia",0,16.0263184675857,88.2089862716815,19.5130330376234,0,14.3191690833227
"Ethanoligenens",0,0,0,0,0,0
"X.Eubacteriaceae.",0,0,0.856397924967782,0,0,0
"Eubacterium",0,0.667763269482736,2.56919377490335,6.50434434587446,11.9703106674605,7.15958454166136
"X.Eukaryota.",0,16.0263184675857,23.9791418990979,49.6695386412231,0,37.5878188437221
"X.Eurotiales.",0,0,0,0,0,0
"X.Eurotiomycetes.",0,2.00328980844821,0,1.7739120943294,0,1.78989613541534
"X.Euryarchaeota.",10.4133533450423,0,2.56919377490335,1.7739120943294,0,1.78989613541534
"Eutypa",0,3.33881634741368,0,1.7739120943294,2.99257766686512,1.78989613541534
"Exiguobacterium",0,35.391453282585,36.8251107736146,55.5825789556545,167.584349344447,67.1211050780753
"Exophiala",0,0,0.856397924967782,0,0,0
"Facklamia",0,0,0,0,0,0
"Faecalibacterium",0,2.00328980844821,0,2.36521612577253,0,1.78989613541534
"Felixounalikevirus",0,0,0,0,0,0
"Ferrimonas",0,0,0,0,0,0
"Ferroplasma",0,0,0,0,0,0
"Fervidicella",0,0,0,0,0,0
"Fervidobacterium",0,0,0,0,0,0
"Fibrella",0,4.67434288637915,0.856397924967782,2.95652015721566,0,1.78989613541534
"Fibrisoma",0,13.3552653896547,0.856397924967782,8.27825644020386,0,6.26463647395369
"Fibrobacter",5.20667667252114,0,0,1.7739120943294,0,1.78989613541534
"Fibroporia",0,0,0.856397924967782,0,0,0
"Fictibacillus",0,0,0,0,0,0
"Filifactor",0,0.667763269482736,0,0,0,0
"Filobasidiella",0,0,0.856397924967782,0,0,0
"Fimbriimonas",0,0.667763269482736,0.856397924967782,6.50434434587446,0,5.36968840624602
"Finegoldia",0,0,0,0,0,0
"X.Firmicutes.",0,184.302662377235,208.961093692139,256.62594964632,44.8886650029769,200.468367166518
"Fischerella",0,1.33552653896547,0.856397924967782,1.7739120943294,2.99257766686512,1.78989613541534
"Flammeovirga",0,2.00328980844821,0,0,0,0
"X.Flammeovirgaceae.",0,1.33552653896547,0.856397924967782,1.7739120943294,0,1.78989613541534
"X.Flavobacteriaceae.",0,3658.00719022643,0,1702.95561055622,0,1288.72521749905
"X.Flavobacteriales.",0,251.078989325509,2.56919377490335,99.3390772824463,0,75.1756376874443
"X.Flavobacteriia.",0,98.1612006139622,0,28.3825935092704,0,21.4787536249841
"Flavobacterium",0,12.687502120172,0,12.4173846603058,0,8.9494806770767
"Flavonifractor",0,0,0,0,0,0
"Flexibacter",0,2.67105307793094,1.71279584993556,3.5478241886588,5.98515533373025,3.57979227083068
"Flexistipes",0,0,0,0,0,0
"Fluviicola",0,15.3585551981029,2.56919377490335,12.4173846603058,0,8.9494806770767
"Fomitopsis",0,0.667763269482736,0,0,0,0
"X.Formicidae.",5.20667667252114,0,0,0,0,0
"Formosa",0,0,0,1.18260806288627,0,0.89494806770767
"Francisella",0,0,0,0,2.99257766686512,0
"Frankia",0,30.0493471267231,17.9843564243234,17.1478169118508,0,12.5292729479074
"Frankliniella",0,0,0,0,0,0
"Frateuria",0,0,0,0,0,0
"Frischella",0,0,0,0,0,0
"Fulvimarina",0,1.33552653896547,1.71279584993556,1.18260806288627,0,0.89494806770767
"Fulvivirga",0,5.34210615586189,0,1.18260806288627,0,0.89494806770767
"X.Fungi.",0,25.375004240344,31.6867232238079,34.8869378551448,0,26.8484420312301
"Fusarium",0,0,0,0,0,0
"X.Fusobacteriales.",0,0,0,0,0,0
"Fusobacterium",0,2.67105307793094,1.71279584993556,2.95652015721566,0,1.78989613541534
"Gaeumannomyces",0,0,0,2.36521612577253,0,1.78989613541534
"Galbibacter",0,0,0.856397924967782,2.95652015721566,0,1.78989613541534
"Galdieria",0,0,0,0.591304031443133,0,0
"Gallaecimonas",0,0,0,0,0,0
"Gallibacterium",0,0,0.856397924967782,0,0,0
"Gallionella",0,0,0,0,0,0
"X.Gammaproteobacteria.",0,325.868475507575,882.946260641783,400.904133318444,320.205810354568,350.819642541407
"Ganoderma",0,0,0,0,0,0
"Gardnerella",0,0,0,0,0,0
"Geitlerinema",0,2.67105307793094,0.856397924967782,0.591304031443133,5.98515533373025,1.78989613541534
"Gemella",0,0,0,0,0,0
"Gemmata",0,0.667763269482736,0.856397924967782,0.591304031443133,0,0
"X.Gemmatimonadetes.",0,66.1085636787909,77.9322111720682,86.9216926221405,0,66.2261570103676
"Gemmatimonas",0,9.34868577275831,12.8459688745167,19.5130330376234,0,14.3191690833227
"Geobacillus",0,0,0,0,0,0
"Geobacter",0,2.67105307793094,11.9895709495489,4.73043225154506,0,3.57979227083068
"X.Geodermatophilaceae.",0,139.562523321892,163.572003668846,125.356454665944,20.9480436680559,98.4442874478437
"Geodermatophilus",0,80.1315923379283,59.0914568227769,69.1825716788465,35.9109320023815,57.2766763332909
"Geotrichum",0,0,0,0,0,0
"Gilliamella",0,0,0,0.591304031443133,0,0
"Gillisia",0,0.667763269482736,1.71279584993556,1.18260806288627,0,0.89494806770767
"Glaciecola",0,0,0,0.591304031443133,0,0
"Glarea",0,0,1.71279584993556,1.18260806288627,0,0.89494806770767
"Gloeobacter",0,1.33552653896547,4.28198962483891,4.73043225154506,0,3.57979227083068
"Gloeocapsa",0,4.67434288637915,0,3.5478241886588,2.99257766686512,3.57979227083068
"Gloeophyllum",0,0,0,0,0,0
"X.Glomeraceae.",0,0,0,0,0,0
"X.Glomerellales.",0,0,0,0,0,0
"Gluconacetobacter",0,1.33552653896547,0,1.18260806288627,0,0.89494806770767
"Gluconobacter",0,0,0,0.591304031443133,0,0
"Glycomyces",0,0,0,0,0,0
"Gordonia",0,12.687502120172,16.2715605743879,15.3739048175214,17.9554660011907,14.3191690833227
"Gordonibacter",0,0,0,0,0,0
"Gottschalkia",0,0.667763269482736,0,0,2.99257766686512,0
"Gracilibacillus",0,0.667763269482736,1.71279584993556,1.18260806288627,0,0.89494806770767
"Gramella",5.20667667252114,0.667763269482736,0,0,0,0
"Granulibacter",0,0,3.42559169987113,10.0521685345333,0,7.15958454166136
"Granulicatella",0,0,0,0,0,0
"Granulicella",0,0,0,0,0,0
"Gregarina",0,0,0,0,0,0
"Grimontia",0,0,0,0,0,0
"Grosmannia",0,0,0,0,0,0
"Guillardia",0,0,0,0,0,0
"Haemophilus",0,0,0,1.18260806288627,0,0.89494806770767
"Hafnia",0,0,0,0,2.99257766686512,0
"Hahella",0,0.667763269482736,0,0.591304031443133,0,0
"Haladaptatus",0,0.667763269482736,0,0,0,0
"Halalkalicoccus",0,0,0,0,0,0
"X.Halanaerobiaceae.",0,0,0,0.591304031443133,0,0
"Halanaerobium",0,1.33552653896547,1.71279584993556,0,0,0
"Haliangium",0,0,0,0,0,0
"Haliscomenobacter",10.4133533450423,2.00328980844821,5.13838754980669,8.27825644020386,2.99257766686512,7.15958454166136
"Haloarcula",0,0.667763269482736,0,0,0,0
"Halobacillus",0,3.33881634741368,1.71279584993556,4.13912822010193,0,3.57979227083068
"X.Halobacteriaceae.",0,2.67105307793094,0,4.13912822010193,0,3.57979227083068
"Halobacterium",0,0,0,0,0,0
"Halobacteroides",0,0,0,0,0,0
"Halococcus",0,0.667763269482736,0.856397924967782,0,0,0
"Haloferax",0,0.667763269482736,0,0.591304031443133,0,0
"Halogeometricum",0,0,0,0,0,0
"Halogranum",0,0.667763269482736,0,0,0,0
"X.Halomonadaceae.",0,0.667763269482736,0,0,0,0
"Halomonas",0,10.016449042241,3.42559169987113,5.91304031443133,2.99257766686512,5.36968840624602
"Halonotius",5.20667667252114,0,0,0,0,0
"Halopiger",0,0,2.56919377490335,0,0,0
"Haloplasma",0,0,0,0.591304031443133,0,0
"Halorhodospira",0,0,0,0,0,0
"Halorubrum",0,1.33552653896547,0.856397924967782,0,0,0
"Halostagnicola",0,0.667763269482736,0,0,0,0
"Halothece",0,1.33552653896547,0.856397924967782,0,0,0
"Halothermothrix",5.20667667252114,3.33881634741368,0.856397924967782,0.591304031443133,0,0
"Halothiobacillus",0,0.667763269482736,0.856397924967782,0,0,0
"Harmonia",0,0,0,0,0,0
"Harpegnathos",0,0,0,0,0,0
"Helcococcus",0,1.33552653896547,0.856397924967782,0.591304031443133,2.99257766686512,0.89494806770767
"Helicobacter",0,0.667763269482736,0,1.18260806288627,0,0.89494806770767
"Helicoverpa",5.20667667252114,0,0,0,0,0
"Heliobacillus",0,0,0.856397924967782,0.591304031443133,0,0
"Heliobacterium",0,0,0,0.591304031443133,0,0
"Helobdella",0,0,0,0,0,0
"X.Helotiales.",0,0,0,0,0,0
"X.Hemiptera.",0,0,0,0,0,0
"Herbaspirillum",0,9.34868577275831,0,9.46086450309012,0,7.15958454166136
"Herminiimonas",0,0,0,0,0,0
"Herpetosiphon",0,8.01315923379283,5.13838754980669,13.5999927231921,0,10.739376812492
"X.Herpotrichiellaceae.",0,0,0,0,0,0
"Heterobasidion",0,0,0,0.591304031443133,0,0
"Hippea",0,0,0,0,0,0
"Hirschia",0,0.667763269482736,0,0.591304031443133,2.99257766686512,0.89494806770767
"Hoeflea",0,0,0,2.36521612577253,0,1.78989613541534
"Holdemania",0,0,0.856397924967782,0,0,0
"Holosticha",0,0,0,0,0,0
"Hortaea",0,0,0,0,0,0
"Hyaloperonospora",0,0,0,4.13912822010193,0,3.57979227083068
"Hydra",0,0,0,0,0,0
"Hydrocarboniphaga",0,1.33552653896547,0,1.18260806288627,0,0.89494806770767
"Hydrogenivirga",0,1.33552653896547,0,0,0,0
"Hydrogenophaga",26.0333833626057,4.67434288637915,2.56919377490335,14.7826007860783,0,10.739376812492
"Hylemonella",0,3.33881634741368,0,10.0521685345333,0,7.15958454166136
"Hymenobacter",0,35.391453282585,67.6554360724548,96.3825571252306,32.9183543355164,77.8604818905673
"Hymenolepis",0,0,0,0,0,0
"X.Hymenoptera.",26.0333833626057,0,0,0,0,0
"X.Hymenostomatida.",0,0,0,0,0,0
"X.Hyphomicrobiaceae.",0,1.33552653896547,0.856397924967782,0.591304031443133,0,0
"Hyphomicrobium",0,0.667763269482736,0,0,0,0
"X.Hyphomonadaceae.",0,0,0.856397924967782,0,0,0
"Hyphomonas",0,1.33552653896547,0.856397924967782,1.18260806288627,0,0.89494806770767
"X.Hypocreales.",0,0,5.99478547477447,2.36521612577253,0,1.78989613541534
"I3likevirus",0,0.667763269482736,0,0,0,0
"Idiomarina",0,0,0.856397924967782,0,2.99257766686512,0
"X.Ignavibacteriales.",0,0,1.71279584993556,0,0,0
"Ignavibacterium",0,0,0,0,0,0
"Ignicoccus",0,0,0,0.591304031443133,0,0
"Ilumatobacter",0,28.0460573182749,12.8459688745167,15.3739048175214,2.99257766686512,12.5292729479074
"Ilyobacter",0,0,0,0,0,0
"Imtechella",0,2.67105307793094,0,0.591304031443133,0,0
"Indibacter",0,0,0,1.18260806288627,0,0.89494806770767
"Influenzavirus_A",0,0,0,0,0,0
"Influenzavirus_B",0,20.7006613539648,20.5535501992268,1.7739120943294,2.99257766686512,1.78989613541534
"X.Insecta.",124.960240140507,0,0,5.32173628298819,5.98515533373025,5.36968840624602
"Intestinibacter",0,0,0,0,0,0
"X.Intrasporangiaceae.",0,14.6907919286202,2.56919377490335,0.591304031443133,0,0
"Intrasporangium",0,0,5.99478547477447,2.36521612577253,0,1.78989613541534
"Isoptericola",0,2.67105307793094,5.99478547477447,2.95652015721566,0,1.78989613541534
"Isosphaera",0,0,0,0,0,0
"Ixodes",0,0,0,0,0,0
"Jaminaea",0,1.33552653896547,0,0.591304031443133,0,0
"Janibacter",0,26.0427675098267,14.5587647244523,5.91304031443133,0,4.47474033853835
"Jannaschia",0,0,0,1.7739120943294,0,1.78989613541534
"Janthinobacterium",0,5.34210615586189,0,11.8260806288627,0,8.9494806770767
"Jeotgalicoccus",0,0,0,0,0,0
"Johnsonella",0,0,0,0,0,0
"Jonesia",0,0.667763269482736,0.856397924967782,1.18260806288627,0,0.89494806770767
"Joostella",0,0.667763269482736,0,0,0,0
"Kahliella",0,0,0,0,0,0
"Kamptonema",0,0,0,0,0,0
"Kangiella",0,0.667763269482736,0.856397924967782,0,0,0
"Ketogulonicigenium",0,0,1.71279584993556,0.591304031443133,0,0
"Kineococcus",0,2.00328980844821,0,3.5478241886588,2.99257766686512,3.57979227083068
"Kineosphaera",0,2.00328980844821,5.13838754980669,1.18260806288627,0,0.89494806770767
"Kingella",0,0,0,0.591304031443133,0,0
"Kitasatospora",0,0,0,0,0,0
"Klebsiella",0,0,46.2454879482602,0,0,0
"Kluyvera",0,0,0,0,0,0
"Kluyveromyces",0,0,0,0,0,0
"Kocuria",0,5.34210615586189,2.56919377490335,6.50434434587446,0,5.36968840624602
"Komagataeibacter",0,0,0,1.18260806288627,0,0.89494806770767
"Kordia",0,0,0,0.591304031443133,0,0
"Kosakonia",0,4.00657961689642,0.856397924967782,0,0,0
"Kribbella",0,10.6842123117238,12.8459688745167,11.2347765974195,0,8.9494806770767
"Krombeinella",0,0,0,0,0,0
"Ktedonobacter",0,0,0,0,0,0
"Kurtzmanomyces",0,0,0,0,0,0
"Kutzneria",0,2.67105307793094,5.13838754980669,4.13912822010193,0,3.57979227083068
"Kwoniella",0,0,0,0,0,0
"Kyrpidia",0,0,0,0,0,0
"Kytococcus",0,2.67105307793094,4.28198962483891,0,0,0
"Labrenzia",0,0,4.28198962483891,1.7739120943294,0,1.78989613541534
"Laccaria",0,0,0,0,0,0
"Lachnoanaerobaculum",0,0,0,0,0,0
"Lachnoclostridium",0,2.00328980844821,0,6.50434434587446,0,5.36968840624602
"X.Lachnospiraceae.",0,2.67105307793094,3.42559169987113,7.09564837731759,0,5.36968840624602
"Lacinutrix",0,0.667763269482736,0,0,0,0
"X.Lactobacillaceae.",0,6.67763269482736,0,0.591304031443133,2.99257766686512,0.89494806770767
"X.Lactobacillales.",0,16.6940817370684,87.3525883467137,70.3651797417328,0,53.6968840624602
"Lactobacillus",0,31.3848736656886,4.28198962483891,2.95652015721566,0,1.78989613541534
"Lactococcus",0,0,11.9895709495489,36.0695459180311,0,26.8484420312301
"Lambdalikevirus",0,0,0,0,0,0
"Laribacter",0,0.667763269482736,0,0,0,0
"X.Latescibacteria.",0,0.667763269482736,0,0,0,0
"Lautropia",0,1.33552653896547,1.71279584993556,2.95652015721566,0,1.78989613541534
"Lawsonia",0,0,0,0.591304031443133,0,0
"Leadbetterella",0,4.67434288637915,0,7.68695240876072,0,5.36968840624602
"Leeuwenhoekiella",0,0.667763269482736,1.71279584993556,2.36521612577253,0,1.78989613541534
"Legionella",5.20667667252114,0.667763269482736,0,0.591304031443133,2.99257766686512,0.89494806770767
"X.Legionellales.",0,0,0,0,0,0
"Leifsonia",0,10.016449042241,5.13838754980669,2.95652015721566,0,1.78989613541534
"Leishmania",0,0,0,0,0,0
"Leisingera",0,0,0.856397924967782,0,0,0
"Lentisphaera",0,0,0,0,0,0
"X.Leotiomycetes.",0,0,0,0,0,0
"X.Lepidoptera.",104.133533450423,0,0,0,0,0
"Leptolyngbya",0,5.34210615586189,2.56919377490335,5.32173628298819,0,3.57979227083068
"Leptonema",0,0,0,0,0,0
"Leptopilina",0,0,0,0,0,0
"Leptosphaeria",5.20667667252114,8.68092250327557,15.4151626494201,8.86956047164699,17.9554660011907,8.9494806770767
"Leptospira",0,2.67105307793094,0,2.95652015721566,0,1.78989613541534
"X.Leptospiraceae.",0,0,0,0.591304031443133,0,0
"Leptospirillum",0,0,1.71279584993556,0,0,0
"Leptothrix",0,0,1.71279584993556,0.591304031443133,0,0
"Leptotrichia",0,0,0,0,0,0
"X.Leptotrichiaceae.",0,0,0,0,0,0
"Leuconostoc",0,0,0,0,0,0
"X.Leuconostocaceae.",0,0.667763269482736,0,0,0,0
"Limnobacter",0,0,0,0,0,0
"Listeria",0,0,0,0.591304031443133,0,0
"Loktanella",0,0,0,0,0,0
"Lottia",0,0,0,0,0,0
"Luminiphilus",0,0,0.856397924967782,0,0,0
"Lutibaculum",0,2.00328980844821,1.71279584993556,0,0,0
"Lyngbya",0,1.33552653896547,0,0,0,0
"Lysinibacillus",5.20667667252114,1.33552653896547,2.56919377490335,1.7739120943294,0,1.78989613541534
"Lysobacter",0,0,3.42559169987113,1.7739120943294,0,1.78989613541534
"Macrococcus",5.20667667252114,0,0,0,0,0
"Macrophomina",0,1.33552653896547,0,1.7739120943294,0,1.78989613541534
"Madurella",0,0,0,0,0,0
"X.Magnaporthaceae.",0,0,0,0,0,0
"Magnaporthe",0,0.667763269482736,0,0,0,0
"Magnaporthiopsis",0,0.667763269482736,0,0,0,0
"Magnetococcus",0,0.667763269482736,0,0,0,0
"Magnetospira",0,0,0,1.18260806288627,2.99257766686512,1.78989613541534
"Magnetospirillum",0,1.33552653896547,1.71279584993556,13.0086886917489,5.98515533373025,10.739376812492
"Magnetovibrio",0,0.667763269482736,0,0,0,0
"Mahella",0,0,0.856397924967782,1.18260806288627,0,0.89494806770767
"Malassezia",0,0,2.56919377490335,0,0,0
"Mannheimia",0,0.667763269482736,0,0,0,0
"Maribacter",0,0,0.856397924967782,1.18260806288627,0,0.89494806770767
"Maricaulis",0,0,0,0,0,0
"Marichromatium",0,0,0,0.591304031443133,0,0
"Mariniradius",0,1.33552653896547,1.71279584993556,2.95652015721566,0,1.78989613541534
"Marinithermus",0,2.67105307793094,0,1.7739120943294,0,1.78989613541534
"Marinobacter",20.8267066900846,9.34868577275831,13.7023667994845,8.27825644020386,0,6.26463647395369
"Marinomonas",0,0,0.856397924967782,1.18260806288627,0,0.89494806770767
"Maritimibacter",0,0,0,1.18260806288627,0,0.89494806770767
"Marivirga",0,0,0.856397924967782,0,2.99257766686512,0
"Marssonina",0,0.667763269482736,0,1.7739120943294,5.98515533373025,1.78989613541534
"Marvinbryantia",0,0,0,0,0,0
"Massilia",0,17.3618450065511,10.2767750996134,26.0173773834978,20.9480436680559,23.2686497603994
"Mastadenovirus",0,12.687502120172,14.5587647244523,4.73043225154506,2.99257766686512,3.57979227083068
"Megamonas",0,0,0,0.591304031443133,0,0
"Megaselia",0,0,0,0,0,0
"Megasphaera",0,0,0,0,0,0
"Meiothermus",0,4.67434288637915,1.71279584993556,4.13912822010193,5.98515533373025,3.57979227083068
"Melampsora",0,0,1.71279584993556,0.591304031443133,0,0
"Melioribacter",0,0,0,0,0,0
"Melissococcus",0,0,0,0,0,0
"Mesorhizobium",0,20.7006613539648,16.2715605743879,19.5130330376234,0,14.3191690833227
"Mesotoga",0,0,0,0,2.99257766686512,0
"Metallosphaera",0,0,0.856397924967782,0.591304031443133,0,0
"Metapneumovirus",0,2.00328980844821,2.56919377490335,0,2.99257766686512,0
"Metarhizium",0,0,0,0,0,0
"X.Metazoa.",36.446736707648,2.00328980844821,0,5.91304031443133,0,4.47474033853835
"X.Methanobacteriaceae.",0,0,3.42559169987113,1.7739120943294,0,1.78989613541534
"X.Methanobacteriales.",10.4133533450423,0.667763269482736,0,1.7739120943294,0,1.78989613541534
"Methanobacterium",0,0,0,0.591304031443133,0,0
"Methanobrevibacter",10.4133533450423,0.667763269482736,5.99478547477447,5.32173628298819,5.98515533373025,5.36968840624602
"X.Methanocaldococcaceae.",0,0,0.856397924967782,0,0,0
"Methanocella",0,0.667763269482736,0.856397924967782,0,0,0
"X.Methanococcales.",0,0,0,0,0,0
"Methanococcus",0,0,0,0.591304031443133,0,0
"Methanocorpusculum",0,0,0,0,0,0
"Methanoculleus",0,0,0,0.591304031443133,0,0
"Methanofollis",0,0,0,0,0,0
"Methanolobus",0,0,0.856397924967782,1.18260806288627,0,0.89494806770767
"Methanomethylovorans",0,0.667763269482736,0,0,0,0
"X.Methanomicrobia.",0,0.667763269482736,0,0,0,0
"X.Methanomicrobiaceae.",0,0,0.856397924967782,0,0,0
"Methanoplanus",0,0,0,0,0,0
"Methanoregula",0,0,0,0,0,0
"Methanosaeta",0,0,0.856397924967782,0.591304031443133,0,0
"Methanosarcina",0,0.667763269482736,0.856397924967782,1.18260806288627,0,0.89494806770767
"X.Methanosarcinaceae.",0,0,0,0,0,0
"X.Methanosarcinales.",0,0,0.856397924967782,0,0,0
"Methanosphaera",0,0,0,0,0,0
"Methanospirillum",0,0,0,0,0,0
"Methanothermus",5.20667667252114,0,0,0,0,0
"Methanotorris",0,0,0,0,0,0
"Methylacidiphilum",0,0,0,0,0,0
"Methylibium",0,1.33552653896547,0,1.7739120943294,0,1.78989613541534
"Methylobacillus",0,0,0,0,0,0
"Methylobacter",0,1.33552653896547,0,1.18260806288627,0,0.89494806770767
"X.Methylobacteriaceae.",0,43.4046125163778,25.6919377490335,27.7912894778272,8.97773300059537,22.3737016926918
"Methylobacterium",0,0,0,0,0,0
"Methylocella",0,0,0,2.36521612577253,0,1.78989613541534
"X.Methylococcaceae.",0,0,0.856397924967782,1.7739120943294,0,1.78989613541534
"Methylococcus",0,0,0,0,0,0
"Methylocystis",0,0,1.71279584993556,1.7739120943294,0,1.78989613541534
"Methyloglobulus",0,0,0,0,0,0
"Methylomicrobium",0,0.667763269482736,0,2.95652015721566,0,1.78989613541534
"Methylomonas",0,0,0,0,0,0
"Methylophaga",0,0,0.856397924967782,3.5478241886588,0,2.68484420312301
"X.Methylophilaceae.",0,2.67105307793094,0,0.591304031443133,0,0
"X.Methylophilales.",0,0,0,0,5.98515533373025,0.89494806770767
"Methylotenera",0,1.33552653896547,3.42559169987113,1.7739120943294,5.98515533373025,1.78989613541534
"Methyloversatilis",0,0,1.71279584993556,0,0,0
"Methylovorus",0,0,0,0,0,0
"Meyerozyma",0,0,0,0,0,0
"Micavibrio",0,0,0,0.591304031443133,0,0
"X.Microbacteriaceae.",0,862.750144171695,521.546336305379,669.356163593626,697.270596379574,610.354582176631
"Microbacterium",338.433983713874,3121.12552156231,1672.54514746208,2349.84222095501,2603.54257017266,2167.56421998798
"Microbispora",0,0,0,0.591304031443133,0,0
"Microbotryum",0,0,0,0,0,0
"Microchaete",0,0,0,0,0,0
"X.Micrococcaceae.",0,100.832253691893,106.193342696005,82.1912603705954,275.317145351591,103.81397585409
"Micrococcus",0,6.67763269482736,4.28198962483891,2.95652015721566,2.99257766686512,2.68484420312301
"Microcoleus",0,0.667763269482736,0.856397924967782,5.91304031443133,0,4.47474033853835
"Microcystis",0,4.67434288637915,1.71279584993556,0,0,0
"Microlunatus",0,32.0526369351713,32.5431211487757,27.1999854463841,0,20.5838055572764
"Micromonospora",0,11.3519755812065,7.70758132471004,10.6434725659764,0,8.05453260936903
"X.Micromonosporaceae.",0,49.4144819417225,45.3890900232924,41.9825862324624,0,32.2181304374761
"Microplitis",0,0,0,0,0,0
"Microscilla",0,0,0,0.591304031443133,0,0
"X.Microsporidia.",0,0,0,0,0,0
"Microvirga",0,120.865151776375,166.14119744375,127.130366760274,95.7624853396839,110.973560395751
"X.Mimiviridae.",0,0,0,0,0,0
"Mitsuokella",0,0,0,0,0,0
"Mixia",0,0,0,0,0,0
"Mobilicoccus",0,0.667763269482736,1.71279584993556,4.73043225154506,2.99257766686512,3.57979227083068
"Mobiluncus",0,0.667763269482736,0,0,0,0
"Modestobacter",0,21.3684246234476,31.6867232238079,23.0608572262822,0,17.8989613541534
"Mogibacterium",0,0,0,0,0,0
"X.Mollicutes.",0,0,0,0,0,0
"X.Mollusca.",0,0.667763269482736,0,0,0,0
"Moniliophthora",0,0,0,0,0,0
"Monoblepharella",0,0.667763269482736,0,0,0,0
"Monosiga",0,0,0.856397924967782,0.591304031443133,0,0
"Moorea",0,0.667763269482736,0,1.18260806288627,0,0.89494806770767
"Moorella",0,0.667763269482736,0.856397924967782,0.591304031443133,0,0
"Moraxella",0,0,0,0,0,0
"X.Moraxellaceae.",0,48.7467186722397,0,11.2347765974195,0,8.9494806770767
"Morganella",0,0,0,1.7739120943294,0,1.78989613541534
"Moritella",0,1.33552653896547,0,0,0,0
"Mortierella",0,0,0,0,0,0
"Mucilaginibacter",0,6.00986942534462,0,31.339113666486,0,23.2686497603994
"Mucispirillum",0,0,0,0,0,0
"Mucor",0,0,0,0,0,0
"X.Mucorales.",0,0,0,0,0,0
"Muricauda",0,0.667763269482736,0,0,0,0
"Myceliophthora",0,0.667763269482736,0.856397924967782,0.591304031443133,0,0
"X.Mycobacteriaceae.",0,0.667763269482736,0.856397924967782,0,2.99257766686512,0
"Mycobacterium",0,8.01315923379283,0,1.7739120943294,0,1.78989613541534
"Mycoplasma",0,0,0,0,0,0
"Mycosphaerella",0,2.67105307793094,1.71279584993556,0,5.98515533373025,0.89494806770767
"X.Mycosphaerellaceae.",0,6.00986942534462,6.85118339974226,4.13912822010193,0,3.57979227083068
"X.Myoviridae.",0,0,0,0,0,0
"Myroides",0,6.00986942534462,0.856397924967782,5.32173628298819,2.99257766686512,4.47474033853835
"X.Myxococcaceae.",0,6.00986942534462,7.70758132471004,1.7739120943294,0,1.78989613541534
"X.Myxococcales.",0,46.0756655943088,32.5431211487757,36.0695459180311,8.97773300059537,28.6383381666454
"Myxococcus",0,8.68092250327557,5.99478547477447,2.95652015721566,0,1.78989613541534
"N15likevirus",0,0.667763269482736,0,0,0,0
"N4likevirus",0,0,0,0,0,0
"Naegleria",0,0,0,0,0,0
"Nakamurella",0,12.0197388506892,4.28198962483891,3.5478241886588,0,2.68484420312301
"Nasonia",15.6200300175634,0,0,0,0,0
"Natranaerobius",0,0,0.856397924967782,0,0,0
"Natrialba",0,0,0,0,0,0
"Natrinema",0,0,0,0,0,0
"Natronobacterium",0,0,0,0.591304031443133,0,0
"Natronococcus",0,0,0,0,0,0
"Natronomonas",0,0,0,0,0,0
"Natronorubrum",0,0.667763269482736,0,0,2.99257766686512,0
"Naumovozyma",0,0,0,0,0,0
"Necator",0,0,0,0,0,0
"X.Nectriaceae.",0,0.667763269482736,0,0,0,0
"Negativicoccus",0,0.667763269482736,0,0,0,0
"Neisseria",0,0,0,0,0,0
"X.Neisseriaceae.",0,0,0,0,0,0
"X.Neisseriales.",0,0,0.856397924967782,0,0,0
"Nematostella",0,0,0.856397924967782,0,0,0
"Neofusicoccum",0,0.667763269482736,0,0,2.99257766686512,0
"Neosartorya",0,0,0,0,0,0
"Neptuniibacter",0,0,0,0.591304031443133,0,0
"Nesterenkonia",5.20667667252114,2.00328980844821,5.13838754980669,4.13912822010193,2.99257766686512,3.57979227083068
"Neurospora",0,0,0,0,0,0
"Niabella",0,14.0230286591375,23.9791418990979,28.9738975407135,0,21.4787536249841
"Niastella",0,38.7302696299987,54.809467197938,94.6086450309012,0,71.5958454166136
"Nitratifractor",0,0,0,0,0,0
"Nitratireductor",0,0,5.99478547477447,0,0,0
"Nitrincola",0,0,0.856397924967782,0,0,0
"Nitritalea",0,0,0,1.18260806288627,0,0.89494806770767
"Nitrobacter",0,0,0,0.591304031443133,0,0
"Nitrococcus",0,1.33552653896547,0,0,0,0
"Nitrolancea",0,18.0296082760339,29.9739273738724,14.7826007860783,0,10.739376812492
"Nitrosococcus",0,2.00328980844821,3.42559169987113,2.95652015721566,0,1.78989613541534
"X.Nitrosomonadaceae.",0,0,0,2.95652015721566,0,1.78989613541534
"Nitrosomonas",0,0,0,0,0,0
"X.Nitrosopumilaceae.",0,2.67105307793094,4.28198962483891,2.36521612577253,0,1.78989613541534
"X.Nitrosopumilales.",10.4133533450423,4.00657961689642,2.56919377490335,9.46086450309012,5.98515533373025,8.05453260936903
"Nitrosopumilus",0,0.667763269482736,2.56919377490335,11.8260806288627,0,8.9494806770767
"Nitrososphaera",119.753563467986,373.947430910332,542.956284429574,596.034463694678,248.383946349805,488.641644968388
"Nitrosospira",0,0,0,14.7826007860783,0,10.739376812492
"Nitrospina",0,0,0.856397924967782,0.591304031443133,0,0
"Nitrospira",0,0,0,0,0,0
"X.Nitrospiraceae.",0,0,0,0,0,0
"Nocardia",0,1.33552653896547,0,5.32173628298819,0,3.57979227083068
"X.Nocardiaceae.",0,0,0,0.591304031443133,0,0
"X.Nocardioidaceae.",0,76.1250127210319,94.203771746456,46.1217144525643,0,34.9029746405991
"Nocardioides",0,124.203968123789,144.731249319555,85.1477805278111,0,64.4362608749523
"X.Nocardiopsaceae.",0,0.667763269482736,2.56919377490335,0.591304031443133,0,0
"Nocardiopsis",0,4.67434288637915,4.28198962483891,4.13912822010193,0,3.57979227083068
"X.Noctuidae.",5.20667667252114,0,0,0,0,0
"Nodularia",0,0,0,0,0,0
"Nonlabens",0,0,0,0,0,0
"Nonomuraea",0,0,0,0,2.99257766686512,0
"Nosema",0,0,0,0,0,0
"Nostoc",0,1.33552653896547,0,4.13912822010193,0,3.57979227083068
"X.Nostocaceae.",0,3.33881634741368,0.856397924967782,1.7739120943294,2.99257766686512,1.78989613541534
"X.Nostocales.",0,0.667763269482736,0,2.95652015721566,0,1.78989613541534
"Novosphingobium",0,50.0822452112052,38.5379066235502,73.3216998989484,32.9183543355164,60.8564686041216
"Nuclearia",0,0,0,0,0,0
"X.Nudiviridae.",5.20667667252114,0,2.56919377490335,0,0,0
"X.Nymphalidae.",5.20667667252114,0,0,0,0,0
"Oceanibaculum",0,2.00328980844821,0,0.591304031443133,0,0
"Oceanibulbus",0,0.667763269482736,0,0.591304031443133,0,0
"Oceanicaulis",0,0,0,0,0,0
"Oceanicola",0,0.667763269482736,0,1.18260806288627,2.99257766686512,1.78989613541534
"Oceanimonas",0,0,0,0,0,0
"Oceaniovalibus",0,0.667763269482736,0,0,0,0
"Oceanithermus",0,0.667763269482736,0.856397924967782,0.591304031443133,0,0
"Oceanobacillus",0,0,0,1.18260806288627,0,0.89494806770767
"X.Oceanospirillaceae.",0,0,2.56919377490335,0.591304031443133,0,0
"X.Oceanospirillales.",5.20667667252114,0.667763269482736,0.856397924967782,0,0,0
"Ochrobactrum",0,0,0,0,0,0
"Octadecabacter",0,0,0,0,0,0
"Odoribacter",0,1.33552653896547,1.71279584993556,1.18260806288627,0,0.89494806770767
"Oenococcus",0,0,0,0,0,0
"Ogataea",0,0,0,0,0,0
"Oleispira",0,0,0,0,0,0
"X.Oligohymenophorea.",0,0,1.71279584993556,0,0,0
"Oligotropha",0,1.33552653896547,0.856397924967782,0.591304031443133,0,0
"Olsenella",0,0.667763269482736,0,1.7739120943294,0,1.78989613541534
"Onchocerca",0,0,0,0,0,0
"X.Onygenales.",0,1.33552653896547,1.71279584993556,0.591304031443133,0,0
"Ophiocordyceps",0,0,0,0,0,0
"Ophiostoma",0,0,0,0,0,0
"X.Ophiostomataceae.",0,0,0,0,0,0
"X.Opitutaceae.",0,0,1.71279584993556,4.73043225154506,0,3.57979227083068
"X.Opitutae.",0,0,0,0,0,0
"Opitutus",0,2.00328980844821,0,1.18260806288627,0,0.89494806770767
"X.Orbaceae.",0,0,0,0,0,0
"Orbilia",0,0,0,0,0,0
"X.Orbiliaceae.",0,0,0,0,0,0
"Oribacterium",0,0,0,0,0,0
"Ornithobacterium",0,0,0,0,0,0
"Oscillatoria",10.4133533450423,4.00657961689642,3.42559169987113,1.7739120943294,0,1.78989613541534
"X.Oscillatoriales.",0,11.3519755812065,6.85118339974226,5.32173628298819,11.9703106674605,5.36968840624602
"Oscillibacter",10.4133533450423,0.667763269482736,1.71279584993556,0,2.99257766686512,0
"Oscillochloris",0,3.33881634741368,10.2767750996134,2.36521612577253,2.99257766686512,1.78989613541534
"Owenweeksia",0,0.667763269482736,1.71279584993556,2.36521612577253,0,1.78989613541534
"Oxalobacter",0,0,0,1.18260806288627,0,0.89494806770767
"X.Oxalobacteraceae.",0,26.7105307793094,27.404733598969,69.7738757102896,0,52.8019359947525
"Oxytricha",0,0,0,0,0,0
"X.Oxytrichidae.",0,0,0,0,0,0
"X.Paenibacillaceae.",0,7.3453959643101,13.7023667994845,0.591304031443133,0,0
"Paenibacillus",0,118.194098698444,59.9478547477447,50.2608426726663,23.940621334921,41.1676111145528
"Paenisporosarcina",0,0,0,0,0,0
"Paludibacter",0,1.33552653896547,0,3.5478241886588,0,2.68484420312301
"Pandoraea",0,0,0,21.8782491633959,0,16.1090652187381
"Pantoea",0,3.33881634741368,59.0914568227769,0,0,0
"Parabacteroides",0,0,0,0,0,0
"Parachlamydia",0,0,1.71279584993556,0,0,0
"X.Parachlamydiaceae.",0,0,0,0,0,0
"Paracoccidioides",0,0,0,0,2.99257766686512,0
"Paracoccus",0,2.67105307793094,2.56919377490335,0,0,0
"Paramecium",0,0,0,0,0,0
"X.Paramyxoviridae.",0,0,0.856397924967782,0,2.99257766686512,0
"Paraphaeosphaeria",0,0,0,0,0,0
"Paraprevotella",0,0.667763269482736,0,2.36521612577253,0,1.78989613541534
"Pararge",10.4133533450423,0,0,0,0,0
"Parascardovia",0,0,0,0,0,0
"Parastagonospora",26.0333833626057,10.016449042241,19.697152274259,19.5130330376234,26.9331990017861,18.7939094218611
"Parasutterella",0,0.667763269482736,0,0,0,0
"X.Parcubacteria.",0,0,0,0,0,0
"Parvibaculum",0,0,2.56919377490335,0.591304031443133,0,0
"Parvimonas",0,0,0,0,0,0
"Parvularcula",0,0.667763269482736,0,1.7739120943294,0,1.78989613541534
"Pasteurella",0,0,0,0,0,0
"X.Pasteurellaceae.",0,0,0,0,0,0
"Patulibacter",0,12.687502120172,25.6919377490335,5.32173628298819,0,3.57979227083068
"Pectinophora",5.20667667252114,0,0,0,0,0
"Pectobacterium",0,0,5.13838754980669,0.591304031443133,0,0
"Pediculus",0,0,0,0,0,0
"Pediococcus",0,0,0,0.591304031443133,0,0
"Pedobacter",0,34.0559267436195,4.28198962483891,86.9216926221405,0,66.2261570103676
"Pedosphaera",0,0,0,0,0,0
"Pelagibaca",0,0,0.856397924967782,0,0,0
"Pelagibacterium",0,0,0,0,0,0
"Pelistega",0,0,0,0.591304031443133,0,0
"Pelobacter",0,0.667763269482736,1.71279584993556,1.18260806288627,0,0.89494806770767
"Pelodictyon",0,0,0,0,0,0
"Pelosinus",0,0,0.856397924967782,0,0,0
"Pelotomaculum",0,0.667763269482736,0,0.591304031443133,0,0
"Peltigera",0,0,0,0,0,0
"Penicillium",0,0,0,0,0,0
"Peptoclostridium",10.4133533450423,1.33552653896547,3.42559169987113,4.73043225154506,2.99257766686512,3.57979227083068
"X.Peptococcaceae.",0,1.33552653896547,0,2.36521612577253,0,1.78989613541534
"Peptoniphilus",0,0,0.856397924967782,0,0,0
"X.Peptostreptococcaceae.",0,0.667763269482736,0,0.591304031443133,0,0
"Peptostreptococcus",0,0,0,0,0,0
"Periplaneta",0,0,0,0,0,0
"Perkinsus",0,0,0,0,0,0
"X.Peronosporales.",0,0,0,1.7739120943294,0,1.78989613541534
"Persephonella",5.20667667252114,0,0,0,0,0
"Pestalotiopsis",0,4.67434288637915,1.71279584993556,0,0,0
"Phaeobacter",0,0.667763269482736,0.856397924967782,0,0,0
"Phaeodactylum",0,0,0,1.7739120943294,0,1.78989613541534
"Phaeospirillum",0,2.67105307793094,3.42559169987113,2.36521612577253,2.99257766686512,1.78989613541534
"Phakopsora",0,0,0,1.18260806288627,0,0.89494806770767
"Phanerochaete",0,0,0,0,0,0
"Phascolarctobacterium",0,0.667763269482736,0,1.7739120943294,5.98515533373025,1.78989613541534
"Phenylobacterium",0,0,0.856397924967782,0,0,0
"Phialocephala",0,0,0,0,0,0
"Phikzlikevirus",0,0,0,0,0,0
"Photobacterium",0,0,0,0.591304031443133,0,0
"Photorhabdus",0,0,0,0,0,0
"Phycisphaera",0,2.00328980844821,1.71279584993556,4.73043225154506,0,3.57979227083068
"X.Phyllobacteriaceae.",0,2.00328980844821,9.4203771746456,9.46086450309012,0,7.15958454166136
"Phyllobacterium",0,3.33881634741368,2.56919377490335,0,0,0
"Phytomonas",0,0,0,0,0,0
"Phytophthora",0,0,0.856397924967782,9.46086450309012,0,7.15958454166136
"Pirellula",0,7.3453959643101,4.28198962483891,5.91304031443133,0,4.47474033853835
"Piriformospora",0,0,0,0,0,0
"Piscirickettsia",0,0,0,0,0,0
"Planctomyces",0,10.6842123117238,11.1331730245812,7.68695240876072,2.99257766686512,6.26463647395369
"X.Planctomycetaceae.",0,11.3519755812065,5.13838754980669,24.2434652891684,0,17.8989613541534
"X.Planctomycetales.",0,0,5.13838754980669,5.91304031443133,8.97773300059537,5.36968840624602
"X.Planctomycetes.",0,0,0,1.7739120943294,0,1.78989613541534
"X.Planctomycetia.",0,0,1.71279584993556,2.36521612577253,0,1.78989613541534
"Planktothrix",0,0,0.856397924967782,0,0,0
"Planobispora",0,0,0,1.18260806288627,0,0.89494806770767
"X.Planococcaceae.",41.6534133801691,12.0197388506892,10.2767750996134,11.2347765974195,20.9480436680559,11.6343248801997
"Planococcus",0,1.33552653896547,3.42559169987113,8.27825644020386,2.99257766686512,7.15958454166136
"Planomicrobium",0,5.34210615586189,1.71279584993556,8.27825644020386,5.98515533373025,7.15958454166136
"Plasmodium",0,0.667763269482736,0,0,0,0
"X.Pleosporaceae.",62.4801200702537,108.845412925686,150.72603479433,76.8695240876072,131.673417342065,77.8604818905673
"X.Pleosporales.",124.960240140507,313.180973387403,307.446855063434,230.608572262822,344.146431689489,225.526913062333
"Plesiocystis",0,4.00657961689642,0,1.18260806288627,0,0.89494806770767
"Plesiomonas",0,0,0,0,0,0
"Pleurocapsa",0,0,0.856397924967782,0.591304031443133,0,0
"X.Pleurocapsales.",0,0,0,0,0,0
"Pleurotus",0,0,0,0,0,0
"Plicaturopsis",0,0,0,0,0,0
"Pneumocystis",0,0,0,0,0,0
"Podospora",0,0,0,0,0,0
"X.Podoviridae.",0,1.33552653896547,0,0,0,0
"Polaribacter",0,2.00328980844821,0.856397924967782,1.18260806288627,0,0.89494806770767
"Polaromonas",0,6.00986942534462,5.99478547477447,21.8782491633959,0,16.1090652187381
"X.Polyangiaceae.",0,3.33881634741368,0.856397924967782,5.91304031443133,0,4.47474033853835
"Polynucleobacter",0,0.667763269482736,0,0,0,0
"X.Polyporales.",0,0,0,0,0,0
"Polysphondylium",0,0,0,0,0,0
"Pontibacter",15.6200300175634,22.0361878929303,24.8355398240657,43.1651942953487,32.9183543355164,37.5878188437221
"X.Poribacteria.",0,0,0,0,0,0
"X.Porphyromonadaceae.",0,0,0,1.18260806288627,0,0.89494806770767
"Porphyromonas",0,0,0,0,0,0
"Portunus",0,0,0,0,0,0
"Prasinovirus",0,0,0,0,0,0
"Prevotella",0,26.7105307793094,25.6919377490335,58.5390991128701,17.9554660011907,46.5372995207988
"X.Prevotellaceae.",0,2.67105307793094,5.13838754980669,2.36521612577253,0,1.78989613541534
"Prochlorococcus",0,0,0,0,2.99257766686512,0
"X.Promicromonosporaceae.",0,0,0,0.591304031443133,0,0
"X.Propionibacteriaceae.",0,4.67434288637915,0,3.5478241886588,0,2.68484420312301
"Propionibacterium",0,0,0,0,0,0
"Propionimicrobium",0,0,1.71279584993556,0.591304031443133,0,0
"Prosthecochloris",0,0,0,0,0,0
"X.Proteobacteria.",0,2015.97731056838,1141.57843398205,3116.76354973675,0,2359.08310647742
"Proteus",0,0,0,4.73043225154506,0,3.57979227083068
"Providencia",0,0,0,472.451921123063,0,357.979227083068
"Pseudanabaena",0,0,0,0,0,0
"Pseudoalteromonas",0,1.33552653896547,0.856397924967782,4.73043225154506,0,3.57979227083068
"Pseudocercospora",0,0.667763269482736,2.56919377490335,0,0,0
"Pseudoflavonifractor",0,4.67434288637915,1.71279584993556,0.591304031443133,0,0
"Pseudogulbenkiania",0,0,0,0,0,0
"Pseudogymnoascus",0,2.67105307793094,0,0.591304031443133,0,0
"X.Pseudomonadaceae.",83.3068267603383,70.78290656517,62.5170485226481,94.0173409994581,218.458169681154,103.81397585409
"X.Pseudomonadales.",0,43.4046125163778,9.4203771746456,18.3304249747371,0,14.3191690833227
"Pseudomonas",489.427607216987,872.098829944453,552.376661604219,1168.41676613163,1720.73215844745,1141.95373439499
"Pseudonocardia",0,6.67763269482736,3.42559169987113,10.0521685345333,0,7.15958454166136
"X.Pseudonocardiaceae.",0,18.0296082760339,10.2767750996134,12.4173846603058,0,8.9494806770767
"Pseudoramibacter",0,0,0,0,0,0
"Pseudovibrio",0,0.667763269482736,0.856397924967782,3.5478241886588,0,2.68484420312301
"Pseudoxanthomonas",0,0,2.56919377490335,0,0,0
"Pseudozyma",5.20667667252114,3.33881634741368,4.28198962483891,2.36521612577253,29.9257766686512,6.26463647395369
"Psychrobacter",0,7.3453959643101,11.1331730245812,17.1478169118508,0,12.5292729479074
"Psychroflexus",0,0,0,0,0,0
"Psychromonas",0,0,0.856397924967782,0,0,0
"Puccinia",0,10.6842123117238,3.42559169987113,15.9652088489646,20.9480436680559,15.2141171510304
"X.Pucciniales.",0,1.33552653896547,0,0.591304031443133,5.98515533373025,1.78989613541534
"Punctularia",0,0,0,0,0,0
"Pusillimonas",0,0,0,0,0,0
"Pyramidobacter",0,0,0,0.591304031443133,0,0
"Pyrenophora",20.8267066900846,43.4046125163778,52.2402734230347,19.5130330376234,74.8144416716281,25.9534939635224
"Pyrobaculum",0,0,0,0,0,0
"Pyrococcus",0,0,0,0,2.99257766686512,0
"Pyronema",0,0,0,0.591304031443133,0,0
"Pythium",0,0,0,0,0,0
"Rahnella",0,0,0,0,0,0
"Ralstonia",0,0,0,5.32173628298819,0,3.57979227083068
"Ramlibacter",0,15.3585551981029,8.56397924967782,22.469553194839,0,17.0040132864457
"Raoultella",0,0,0.856397924967782,0,0,0
"Raphidiopsis",0,0,0,0.591304031443133,0,0
"X.Reduviidae.",0,0,0,0,0,0
"Reinekea",0,0,0,0,0,0
"Renibacterium",0,2.67105307793094,3.42559169987113,0.591304031443133,2.99257766686512,0.89494806770767
"Reticulomyxa",0,0,0,0,0,0
"X.Retroviridae.",0,0,0,0,0,0
"X.Rhabditida.",0,0,0,0,0,0
"Rheinheimera",0,0,1.71279584993556,0,0,0
"Rhipicephalus",0,0,0,0,0,0
"X.Rhizobiaceae.",0,194.319111419476,145.587647244523,720.799614329179,50.8738203367071,553.07790584334
"X.Rhizobiales.",0,368.60532475447,361.399924336404,550.504053273556,0,417.045799551774
"Rhizobium",0,33.3881634741368,41.1071003984535,131.269494980375,0,99.3392355155514
"Rhizoctonia",0,0.667763269482736,0,0,0,0
"Rhizophagus",0,2.00328980844821,0.856397924967782,0,2.99257766686512,0
"Rhizopus",0,2.67105307793094,1.71279584993556,0,2.99257766686512,0
"Rhodanobacter",0,0,0,0,0,0
"Rhodnius",0,0,0,0,0,0
"Rhodobacter",0,2.67105307793094,0.856397924967782,1.7739120943294,0,1.78989613541534
"X.Rhodobacteraceae.",10.4133533450423,142.901339669306,139.592861769748,106.434725659764,119.703106674605,98.4442874478437
"X.Rhodobacterales.",0,6.00986942534462,3.42559169987113,5.91304031443133,0,4.47474033853835
"Rhodococcus",0,30.0493471267231,41.1071003984535,10.0521685345333,0,7.15958454166136
"X.Rhodocyclaceae.",0,0,0,0,0,0
"Rhodoferax",0,0,0.856397924967782,0.591304031443133,0,0
"Rhodomicrobium",0,0,0,1.18260806288627,2.99257766686512,1.78989613541534
"Rhodonellum",0,0.667763269482736,0,2.36521612577253,2.99257766686512,1.78989613541534
"Rhodopirellula",0,1.33552653896547,9.4203771746456,4.73043225154506,0,3.57979227083068
"Rhodopseudomonas",0,4.67434288637915,3.42559169987113,6.50434434587446,0,5.36968840624602
"X.Rhodospirillaceae.",20.8267066900846,60.766457522929,41.1071003984535,52.6260587984388,44.8886650029769,46.5372995207988
"X.Rhodospirillales.",0,9.34868577275831,11.1331730245812,15.3739048175214,0,11.6343248801997
"Rhodospirillum",0,5.34210615586189,0,2.36521612577253,0,1.78989613541534
"Rhodosporidium",0,0,0,0,0,0
"X.Rhodothermaceae.",0,0,0,0,0,0
"Rhodothermus",0,2.00328980844821,5.13838754980669,1.18260806288627,0,0.89494806770767
"Rhodotorula",0,0,0,0,0,0
"Rhodovulum",0,2.00328980844821,0.856397924967782,1.18260806288627,0,0.89494806770767
"Richelia",0,0,1.71279584993556,0,0,0
"Rickettsia",0,0,0,0,0,0
"Rickettsiella",0,0,0,0,0,0
"Riemerella",0,14.6907919286202,0,2.95652015721566,0,1.78989613541534
"Riptortus",0,0,0,0,0,0
"Rivularia",0,0.667763269482736,0.856397924967782,0.591304031443133,0,0
"X.Rivulariaceae.",0,0,0.856397924967782,0,0,0
"Robiginitalea",0,1.33552653896547,0,0.591304031443133,0,0
"Roseburia",0,0.667763269482736,1.71279584993556,2.36521612577253,2.99257766686512,1.78989613541534
"Roseibacterium",0,0,0,0.591304031443133,0,0
"Roseibium",0,0,0.856397924967782,1.18260806288627,0,0.89494806770767
"Roseiflexus",0,4.67434288637915,15.4151626494201,18.9217290061802,11.9703106674605,16.1090652187381
"Roseivivax",0,1.33552653896547,0,0.591304031443133,0,0
"Rosenbergiella",0,0,0,0,0,0
"Roseobacter",0,1.33552653896547,4.28198962483891,2.36521612577253,2.99257766686512,1.78989613541534
"Roseomonas",0,12.687502120172,5.99478547477447,2.36521612577253,8.97773300059537,3.57979227083068
"Roseovarius",0,0,1.71279584993556,0,0,0
"Rothia",0,0,0,0,0,0
"Rubellimicrobium",15.6200300175634,43.4046125163778,52.2402734230347,48.4869305783369,32.9183543355164,41.1676111145528
"Rubidibacter",0,0,0,0,0,0
"Rubrivivax",0,0,0,2.95652015721566,0,1.78989613541534
"Rubrobacter",166.613653520677,719.181041232907,1127.0196692576,733.216998989484,556.619446036913,638.097972275569
"Ruegeria",0,0,0,0,0,0
"Ruminiclostridium",0,2.00328980844821,4.28198962483891,3.5478241886588,5.98515533373025,3.57979227083068
"X.Ruminococcaceae.",5.20667667252114,1.33552653896547,1.71279584993556,1.18260806288627,5.98515533373025,1.78989613541534
"Ruminococcus",0,2.67105307793094,0,4.13912822010193,0,3.57979227083068
"Runella",0,6.00986942534462,0,7.09564837731759,0,5.36968840624602
"Saccharomonospora",0,9.34868577275831,11.1331730245812,11.8260806288627,5.98515533373025,9.84442874478437
"Saccharomyces",15.6200300175634,3.33881634741368,0,0.591304031443133,0,0
"X.Saccharomycetaceae.",0,0,0,0,0,0
"X.Saccharomycetales.",0,0,0,0,0,0
"Saccharophagus",0,0,0,1.18260806288627,0,0.89494806770767
"Saccharopolyspora",0,2.00328980844821,4.28198962483891,2.36521612577253,0,1.78989613541534
"Saccharothrix",0,1.33552653896547,2.56919377490335,3.5478241886588,0,2.68484420312301
"Sagittula",0,0,3.42559169987113,0.591304031443133,0,0
"Salimicrobium",0,0,0,1.18260806288627,0,0.89494806770767
"Salinibacter",0,1.33552653896547,0.856397924967782,0,0,0
"Salinibacterium",0,1.33552653896547,0,0,0,0
"Salinisphaera",0,0,0.856397924967782,1.7739120943294,0,1.78989613541534
"Salinispora",0,3.33881634741368,2.56919377490335,2.36521612577253,0,1.78989613541534
"Salipiger",0,2.00328980844821,0,0.591304031443133,0,0
"Salmonella",0,7.3453959643101,54.809467197938,0,0,0
"Sanguibacter",0,0,0,0,0,0
"Saprospira",0,0.667763269482736,0.856397924967782,0,0,0
"Scardovia",0,0.667763269482736,0.856397924967782,0,0,0
"Schistosoma",0,0.667763269482736,0,0,0,0
"Schizophyllum",0,0,0,0,0,0
"Schizosaccharomyces",0,0.667763269482736,0,0,0,0
"Sclerotinia",0,0,0,0,0,0
"X.Sclerotiniaceae.",0,0,0,0,0,0
"Sebaldella",5.20667667252114,0,0.856397924967782,0.591304031443133,0,0
"Segniliparus",0,0,0,0,0,0
"X.Selenomonadales.",0,0,0,1.18260806288627,0,0.89494806770767
"Selenomonas",0,0,0.856397924967782,0,0,0
"Serinicoccus",0,1.33552653896547,0,0,0,0
"Serpula",0,0,0,0,0,0
"Serratia",0,1.33552653896547,13.7023667994845,0,2.99257766686512,0
"Setosphaeria",0,20.0328980844821,12.8459688745167,14.1912967546352,8.97773300059537,12.5292729479074
"Shewanella",0,0,0,4.73043225154506,0,3.57979227083068
"Shigella",0,0,5.13838754980669,1.18260806288627,0,0.89494806770767
"Shimwellia",0,0,0.856397924967782,0.591304031443133,0,0
"Shinella",0,0.667763269482736,0,0.591304031443133,0,0
"Shuttleworthia",0,0,0,0,0,0
"Sideroxydans",0,1.33552653896547,0,1.18260806288627,0,0.89494806770767
"Simiduia",0,0.667763269482736,0.856397924967782,0,0,0
"Simkania",0,0,0,0.591304031443133,0,0
"Singulisphaera",0,5.34210615586189,5.13838754980669,11.8260806288627,0,8.9494806770767
"Sinorhizobium",0,12.0197388506892,7.70758132471004,10.6434725659764,0,8.05453260936903
"X.Siphoviridae.",0,2.00328980844821,6.85118339974226,4.13912822010193,0,3.57979227083068
"Skeletonema",0,0,0,0,0,0
"Skermanella",0,103.503306769824,64.2298443725836,131.860799011819,98.7550630065491,114.553352666582
"Slackia",0,0,0,0.591304031443133,0,0
"Smithella",0,0,0,0.591304031443133,0,0
"Snodgrassella",0,0,0,0,0,0
"Sodalis",0,2.00328980844821,0,0,0,0
"Solenopsis",5.20667667252114,0,0,0,0,0
"Solibacillus",5.20667667252114,3.33881634741368,4.28198962483891,1.18260806288627,0,0.89494806770767
"X.Solirubrobacterales.",0,72.7861963736182,91.6345779715527,59.1304031443133,0,44.7474033853835
"Solitalea",0,2.67105307793094,1.71279584993556,8.86956047164699,8.97773300059537,8.05453260936903
"Solobacterium",0,0,0,0,0,0
"Sorangium",0,16.0263184675857,11.9895709495489,8.86956047164699,0,7.15958454166136
"Sordaria",0,0,0,1.18260806288627,0,0.89494806770767
"X.Sordariaceae.",0,0,0.856397924967782,0,0,0
"X.Sordariales.",0,1.33552653896547,0.856397924967782,0,0,0
"X.Sordariomycetes.",0,10.6842123117238,44.5326920983247,24.8347693206116,0,18.7939094218611
"Spathaspora",0,0,0,0,0,0
"Sphaerobacter",0,24.7072409708612,37.6815086985824,36.6608499494742,5.98515533373025,28.6383381666454
"X.Sphaerobacteraceae.",0,10.6842123117238,18.8407543492912,7.68695240876072,0,5.36968840624602
"Sphaerochaeta",0,1.33552653896547,1.71279584993556,1.18260806288627,0,0.89494806770767
"Sphaerotilus",0,0.667763269482736,0,1.7739120943294,0,1.78989613541534
"Sphaerulina",0,2.00328980844821,0,0,0,0
"X.Sphingobacteriaceae.",0,164.937527562236,26.5483356740012,156.104264300987,0,118.133144937412
"X.Sphingobacteriales.",0,99.4967271529277,121.608505345425,256.62594964632,0,194.203730692564
"X.Sphingobacteriia.",0,0,0,0,0,0
"Sphingobacterium",0,193.651348149993,23.1227439741301,23.0608572262822,0,17.8989613541534
"Sphingobium",0,32.7204002046541,45.3890900232924,87.5129966535836,0,66.2261570103676
"X.Sphingomonadaceae.",218.680420245888,1172.59230121168,1431.89733054613,2531.37255860805,1065.35764940398,2074.48962094638
"X.Sphingomonadales.",0,190.980295072063,283.467713164336,380.208492217934,125.688262008335,306.072239156023
"Sphingomonas",791.414854223214,1243.37520777685,1507.2603479433,3074.18965947285,1499.28141109943,2550.60199296686
"Sphingopyxis",0,6.67763269482736,13.7023667994845,16.5565128804077,0,12.5292729479074
"Spiribacter",0,0.667763269482736,0,0,0,0
"Spirochaeta",5.20667667252114,1.33552653896547,1.71279584993556,0,2.99257766686512,0
"X.Spirochaetaceae.",0,0,1.71279584993556,0,0,0
"Spiroplasma",0,1.33552653896547,0,0,0,0
"Spirosoma",0,16.6940817370684,5.13838754980669,3.5478241886588,0,2.68484420312301
"X.Spirotrichea.",0,0,0,0,0,0
"Spizellomyces",0,0,0,0,0,0
"X.Sporidiobolales.",0,0,0,1.18260806288627,0,0.89494806770767
"Sporisorium",0,4.67434288637915,4.28198962483891,10.6434725659764,2.99257766686512,8.9494806770767
"Sporolactobacillus",0,0,1.71279584993556,0.591304031443133,0,0
"Sporomusa",0,0,0,0.591304031443133,0,0
"Sporosarcina",0,2.00328980844821,0,2.36521612577253,0,1.78989613541534
"Sporothrix",0,0,0.856397924967782,0,0,0
"Stackebrandtia",0,4.67434288637915,0.856397924967782,1.7739120943294,0,1.78989613541534
"Stanieria",0,0,0,0,0,0
"X.Staphylococcaceae.",0,12.0197388506892,6.85118339974226,9.46086450309012,5.98515533373025,8.05453260936903
"Staphylococcus",0,29.3815838572404,47.101885873228,46.7130184840075,0,35.7979227083068
"Starkeya",0,2.67105307793094,0.856397924967782,1.18260806288627,0,0.89494806770767
"Stenotrophomonas",0,0,108.762536470908,0,62.8441310041676,8.9494806770767
"Stereum",0,0,0,0,0,0
"Stigmatella",0,5.34210615586189,5.13838754980669,7.09564837731759,0,5.36968840624602
"Stomatobaculum",0,0,0,0,0,0
"Streptoalloteichus",0,0,0.856397924967782,0,0,0
"X.Streptococcaceae.",0,0,1.71279584993556,5.91304031443133,0,4.47474033853835
"Streptococcus",0,0,0,2.36521612577253,0,1.78989613541534
"Streptomyces",0,73.453959643101,55.6658651229058,38.4347620438036,0,28.6383381666454
"X.Streptomycetaceae.",0,2.00328980844821,8.56397924967782,1.7739120943294,0,1.78989613541534
"X.Streptosporangiaceae.",0,2.00328980844821,1.71279584993556,0,0,0
"Streptosporangium",0,4.67434288637915,6.85118339974226,2.95652015721566,2.99257766686512,2.68484420312301
"Strigamia",0,0,0,0,0,0
"Strigomonas",0,0,0,0,0,0
"Strongylocentrotus",5.20667667252114,0,0,0,0,0
"Subdoligranulum",0,0,0,1.7739120943294,0,1.78989613541534
"Succinatimonas",0,2.00328980844821,0.856397924967782,1.18260806288627,0,0.89494806770767
"Sulfobacillus",0,0,1.71279584993556,0,0,0
"Sulfolobus",0,0.667763269482736,0,0,0,0
"Sulfuricella",0,0,0,0,0,0
"Sulfurihydrogenibium",0,1.33552653896547,0,0.591304031443133,0,0
"Sulfurimonas",0,0,0,0,0,0
"Sulfuritalea",0,0,2.56919377490335,0,0,0
"Sulfurospirillum",0,0,0.856397924967782,0,0,0
"Sulfurovum",0,0,0,0,0,0
"Sutterella",0,1.33552653896547,0,1.7739120943294,0,1.78989613541534
"X.Sutterellaceae.",5.20667667252114,0,0,0,0,0
"Symbiobacterium",0,0,0,1.18260806288627,0,0.89494806770767
"Synechococcus",0,2.67105307793094,5.13838754980669,7.68695240876072,0,5.36968840624602
"Synechocystis",0,1.33552653896547,0,0,0,0
"X.Synergistaceae.",0,0.667763269482736,0,0.591304031443133,0,0
"Synergistes",0,0,0,0,0,0
"X.Syntrophaceae.",0,0,0.856397924967782,0,0,0
"Syntrophobacter",0,0,1.71279584993556,0.591304031443133,0,0
"Syntrophobotulus",0,0.667763269482736,0.856397924967782,0,0,0
"Syntrophomonas",0,0,0,0.591304031443133,0,0
"Syntrophothermus",0,1.33552653896547,2.56919377490335,0.591304031443133,0,0
"Syntrophus",0,0.667763269482736,0,0,0,0
"T4likevirus",0,0,0,0,0,0
"T5likevirus",0,0,0.856397924967782,0,0,0
"T7likevirus",0,0,0,0,0,0
"Talaromyces",0,0,0,0,0,0
"Tannerella",0,0,0,0,0,0
"Taphrina",0,0,0,1.7739120943294,0,1.78989613541534
"Tatumella",0,0,0,0,0,0
"Taylorella",0,0,0,0,0,0
"X.Tephritidae.",0,0,0,0,0,0
"Tepidanaerobacter",0,0,0,0,0,0
"Teredinibacter",0,0,0,0.591304031443133,2.99257766686512,0.89494806770767
"Terriglobus",0,0,0,0,0,0
"Tetragenococcus",0,0.667763269482736,1.71279584993556,0,0,0
"Tetrahymena",0,0,0,0,0,0
"X.Tetranychidae.",0,0,0,0,0,0
"Tetranychus",0,0,0,0,0,0
"Tetrasphaera",0,5.34210615586189,5.13838754980669,3.5478241886588,0,2.68484420312301
"Thalassiosira",0,0,0,0,0,0
"Thalassobacter",0,0,0,0,0,0
"Thalassobium",0,0.667763269482736,0.856397924967782,0,0,0
"Thalassolituus",0,0,0,0,5.98515533373025,0.89494806770767
"Thalassospira",0,0,1.71279584993556,1.7739120943294,0,1.78989613541534
"Thauera",0,0.667763269482736,0,0.591304031443133,0,0
"X.Thaumarchaeota.",156.200300175634,155.588841789477,216.668675016849,260.173773834978,110.72537367401,212.997640114426
"X.Thermaceae.",0,1.33552653896547,0.856397924967782,1.7739120943294,2.99257766686512,1.78989613541534
"Thermacetogenium",0,1.33552653896547,0.856397924967782,1.18260806288627,0,0.89494806770767
"Thermaerobacter",0,0,0,1.18260806288627,0,0.89494806770767
"Thermanaerovibrio",0,0,0,1.18260806288627,0,0.89494806770767
"Thermincola",0,0.667763269482736,0,0.591304031443133,0,0
"Thermoanaerobacter",0,0.667763269482736,0.856397924967782,1.18260806288627,0,0.89494806770767
"X.Thermoanaerobacterales.",0,0,0,0,0,0
"X.Thermoanaerobacterales_Family_III._Incertae_Sedis.",0,0.667763269482736,0,0,0,0
"Thermoanaerobacterium",0,0,0,0,0,0
"Thermobacillus",0,0,0.856397924967782,0.591304031443133,0,0
"Thermobaculum",0,18.6973715455166,32.5431211487757,18.9217290061802,8.97773300059537,16.1090652187381
"Thermobifida",0,4.00657961689642,1.71279584993556,0.591304031443133,0,0
"Thermobispora",0,2.67105307793094,2.56919377490335,0.591304031443133,5.98515533373025,1.78989613541534
"Thermobrachium",0,0,0,0,0,0
"Thermococcus",0,0,0,1.18260806288627,0,0.89494806770767
"Thermodesulfatator",0,0,0.856397924967782,0,0,0
"Thermodesulfobacterium",5.20667667252114,1.33552653896547,0,0,0,0
"Thermodesulfobium",0,0,0.856397924967782,0,0,0
"Thermodesulfovibrio",0,0,0,0,0,0
"X.Thermomicrobia.",0,17.3618450065511,24.8355398240657,13.5999927231921,11.9703106674605,12.5292729479074
"Thermomicrobium",0,8.68092250327557,18.8407543492912,8.86956047164699,2.99257766686512,7.15958454166136
"Thermomonospora",0,4.00657961689642,0,4.13912822010193,0,3.57979227083068
"Thermoplasma",0,0,0,0,0,0
"X.Thermoplasmatales.",0,0.667763269482736,0.856397924967782,1.18260806288627,0,0.89494806770767
"X.Thermoprotei.",0,0,0,2.36521612577253,2.99257766686512,1.78989613541534
"Thermosediminibacter",0,0.667763269482736,2.56919377490335,1.18260806288627,0,0.89494806770767
"Thermosinus",0,0.667763269482736,1.71279584993556,2.36521612577253,0,1.78989613541534
"Thermosipho",0,0,1.71279584993556,0,0,0
"Thermosynechococcus",0,0,0,0,0,0
"Thermotoga",0,0,0.856397924967782,1.7739120943294,0,1.78989613541534
"X.Thermotogaceae.",0,0,0,0.591304031443133,0,0
"X.Thermotogales.",0,0,0,0,0,0
"Thermovibrio",0,0,0,0.591304031443133,0,0
"Thermovirga",0,0,0,0,0,0
"Thermus",0,0.667763269482736,1.71279584993556,1.7739120943294,0,1.78989613541534
"Thielavia",0,1.33552653896547,0,0,0,0
"Thioalkalimicrobium",0,0,0,0,0,0
"Thioalkalivibrio",0,0,1.71279584993556,0,0,0
"Thiobacillus",0,0.667763269482736,0.856397924967782,0.591304031443133,2.99257766686512,0.89494806770767
"Thiocapsa",0,2.00328980844821,0,0,0,0
"Thiocystis",0,0,0,0,0,0
"Thioflavicoccus",0,0,0,0,0,0
"Thiohalocapsa",0,0.667763269482736,0,0.591304031443133,0,0
"Thiomicrospira",0,0,0,0,0,0
"Thiomonas",0,4.00657961689642,1.71279584993556,1.18260806288627,0,0.89494806770767
"Thiorhodococcus",0,1.33552653896547,0,0,0,0
"Thiorhodospira",0,0,0,0.591304031443133,2.99257766686512,0.89494806770767
"Thiorhodovibrio",0,1.33552653896547,0.856397924967782,0,0,0
"Thiothrix",0,1.33552653896547,0,0,2.99257766686512,0
"X.Thripidae.",0,0,0,0,0,0
"Tistrella",0,2.00328980844821,0.856397924967782,1.7739120943294,0,1.78989613541534
"Togninia",0,0,0,0,0,0
"Tolumonas",0,0,0,0,0,0
"Torulaspora",0,0,0,0,0,0
"Trametes",0,0,0,0,0,0
"Tremella",0,0.667763269482736,0,0,0,0
"X.Tremellaceae.",0,0,0,0,0,0
"X.Tremellales.",0,0.667763269482736,0,0,0,0
"X.Tremellomycetes.",0,0,0,0,0,0
"Treponema",0,0.667763269482736,0.856397924967782,0.591304031443133,0,0
"Triatoma",0,0,0,0,0,0
"Tribolium",0,0,0,0.591304031443133,0,0
"Trichinella",0,0,0,0,0,0
"Trichoderma",0,1.33552653896547,0.856397924967782,1.7739120943294,0,1.78989613541534
"Trichodesmium",0,0,0,0,0,0
"Trichophyton",0,0,0,0.591304031443133,0,0
"Trichoplax",5.20667667252114,0,0,0,0,0
"Trichormus",0,0,0,0.591304031443133,0,0
"Trichosporon",0,0,0,0.591304031443133,0,0
"Truepera",0,4.67434288637915,2.56919377490335,4.13912822010193,0,3.57979227083068
"Trueperella",0,0.667763269482736,0.856397924967782,0.591304031443133,0,0
"Trypanosoma",0,0,0,0,0,0
"X.Trypanosomatidae.",10.4133533450423,0,0,0,0,0
"Tsukamurella",0,0,0,0,0,0
"Tuber",0,0,0,0,0,0
"Turbinellus",0,0,0,0,0,0
"Turicella",0,0.667763269482736,0,1.18260806288627,0,0.89494806770767
"Turicibacter",5.20667667252114,8.68092250327557,9.4203771746456,14.7826007860783,5.98515533373025,12.5292729479074
"Turneriella",0,0.667763269482736,0,0,0,0
"Twortlikevirus",0,0,0,0,0,0
"Tyzzerella",0,0,0,0.591304031443133,0,0
"Uncinocarpus",0,0,0,0,0,0
"Unknown",0,50450.1827726902,45819.0017816263,58407.8296178898,9896.45434432296,45679.9392719349
"Usnea",0,0,0,0,0,0
"X.Ustilaginaceae.",0,44.7401390553433,43.6762941733569,42.5738902639055,104.740218340279,48.3271956562142
"Ustilago",10.4133533450423,6.67763269482736,5.13838754980669,2.36521612577253,17.9554660011907,4.47474033853835
"Vagococcus",0,0,0,0,0,0
"Vanderwaltozyma",0,0,0,0,0,0
"Varibaculum",0,0,0,0,0,0
"Variovorax",0,8.68092250327557,0,15.9652088489646,0,12.5292729479074
"Veillonella",0,0,0,4.73043225154506,0,3.57979227083068
"X.Veillonellaceae.",0,1.33552653896547,0,0.591304031443133,0,0
"Venturia",0,0,0,0,0,0
"Vermamoeba",0,0,0,0,0,0
"Verminephrobacter",0,1.33552653896547,0.856397924967782,4.13912822010193,0,3.57979227083068
"X.Verrucomicrobia.",0,0,0,0,0,0
"X.Verrucomicrobiaceae.",0,0,0,0,0,0
"X.Verrucomicrobiales.",0,0,0,0.591304031443133,0,0
"Verrucosispora",0,2.67105307793094,8.56397924967782,7.68695240876072,0,5.36968840624602
"Verticillium",0,0,0,0,0,0
"Vibrio",5.20667667252114,2.67105307793094,3.42559169987113,3.5478241886588,8.97773300059537,3.57979227083068
"X.Vibrionaceae.",0,0,0,2.95652015721566,0,1.78989613541534
"X.Vibrionales.",0,0,0,0,0,0
"Virgibacillus",10.4133533450423,3.33881634741368,0,6.50434434587446,0,5.36968840624602
"Viridibacillus",5.20667667252114,2.67105307793094,0.856397924967782,0,0,0
"X.Viruses.",0,0,0,1.18260806288627,0,0.89494806770767
"Waddlia",0,0,0,0,0,0
"Wallemia",0,0,0,0,0,0
"Weeksella",0,4.67434288637915,0.856397924967782,0.591304031443133,0,0
"Weissella",0,0,0,0,2.99257766686512,0
"Wickerhamomyces",0,0,0,0,0,0
"Wigglesworthia",0,0,0,0,0,0
"Williamsia",0,3.33881634741368,2.56919377490335,1.7739120943294,0,1.78989613541534
"Winogradskyella",0,0,0,0,0,0
"Wohlfahrtiimonas",0,0,0,0,0,0
"Wolbachia",0,0,0,0,0,0
"Wuchereria",0,0,0,0,0,0
"Xanthobacter",0,2.00328980844821,2.56919377490335,2.36521612577253,0,1.78989613541534
"X.Xanthobacteraceae.",0,0,1.71279584993556,0,0,0
"X.Xanthomonadaceae.",0,0,104.480546846069,0,0,0
"X.Xanthomonadales.",0,0,0,0,0,0
"Xanthomonas",0,0,0,2.95652015721566,0,1.78989613541534
"Xenococcus",0,1.33552653896547,0,1.18260806288627,0,0.89494806770767
"Xenorhabdus",0,1.33552653896547,0.856397924967782,0.591304031443133,0,0
"Xylanimonas",0,0.667763269482736,0,0.591304031443133,0,0
"X.Xylariales.",0,0.667763269482736,1.71279584993556,0,0,0
"Xylella",0,0,0,0,0,0
"Yarrowia",0,0,0,0,0,0
"Yersinia",0,0.667763269482736,1.71279584993556,1.18260806288627,0,0.89494806770767
"Yokenella",0,1.33552653896547,5.13838754980669,0,0,0
"Youngiibacter",0,0.667763269482736,0.856397924967782,0,0,0
"Zancudomyces",5.20667667252114,0,0,0,0,0
"Zhouia",0,1.33552653896547,0.856397924967782,0,0,0
"Zobellia",0,4.00657961689642,0,1.18260806288627,0,0.89494806770767
"Zunongwangia",0,2.67105307793094,0,0.591304031443133,0,0
"Zygosaccharomyces",0,0.667763269482736,0,0,0,0
"Zymomonas",0,0,3.42559169987113,1.18260806288627,0,0.89494806770767
"Zymoseptoria",0,4.67434288637915,4.28198962483891,5.32173628298819,2.99257766686512,4.47474033853835
